년월,대여종류,대여소번호,대여소명,건수,운동량,탄소절감량,이동거리,이동시간,RNUM
202207,정기권,00108,108. 서교동 사거리,6,241.74,1.82,7822.13,203,1
202207,정기권,00109,109. 제일빌딩 앞,2,454.92,4.61,19880.00,98,78
202207,정기권,00400,400. 상암한화오벨리스크 1차 앞,6,150.89,1.56,6710.55,58,79
202207,정기권,00505,505. 자양사거리 광진아크로텔 앞,40,1673.88,14.80,63616.06,546,19
202207,정기권,00508,508. 성수아카데미타워 앞,4,76.17,0.96,4131.87,54,40
202207,정기권,00509,509. 이마트 버스정류소 옆,7,231.11,2.14,9218.70,71,47
202207,정기권,00510,510. 서울숲 남문 버스정류소 옆,2,379.17,3.41,14680.93,76,55
202207,정기권,00512,512. 뚝섬역 1번 출구 옆,2,287.48,2.99,12901.88,118,71
202207,정기권,00513,513. 뚝섬역 5번 출구 정류소 옆,11,187.79,1.73,7548.03,47,89
202207,정기권,00514,514. 성수사거리 버스정류장 앞,10,207.86,1.93,8336.70,138,95
202207,정기권,00729,729. 서부식자재마트 건너편,42,2176.30,16.95,73130.11,400,2
202207,정기권,00731,731. 서울시 도로환경관리센터,29,1369.82,13.72,59162.11,448,3
202207,정기권,00732,732. 신월중학교,2,183.67,1.59,6842.72,31,4
202207,정기권,00733,733. 신정이펜하우스314동,38,1122.03,10.14,43668.23,332,5
202207,정기권,00734,734. 신트리공원 입구,73,5962.73,52.35,225429.01,1565,6
202207,정기권,00735,735. 영도초등학교,84,2248.57,23.71,102344.48,1008,7
202207,정기권,00736,736. 오솔길공원,21,596.43,5.05,21868.98,158,8
202207,정기권,00737,737. 장수공원,5,344.05,3.29,14198.59,90,9
202207,정기권,00739,739. 신월사거리,34,921.34,9.15,39381.02,233,10
202207,정기권,00740,740. 으뜸공원,10,317.77,2.82,12143.27,139,11
202207,정기권,00742,742. 등촌역 5번 출구 뒤,6,224.19,2.21,9550.57,62,12
202207,정기권,00743,743. 현대6차아파트 101동 옆,6,264.28,2.67,11490.88,85,13
202207,정기권,00744,744. 신목동역 2번 출구,10,200.11,3.00,12897.56,74,14
202207,정기권,00745,745. 강서초등학교,13,782.73,7.32,31523.12,390,15
202207,정기권,00746,746. 목동2단지 상가,138,6786.86,63.35,273083.23,2181,16
202207,정기권,00747,747. 목동3단지 상가,43,1938.82,17.59,75771.27,533,17
202207,정기권,00748,748. 목동운동장,18,848.75,9.11,39315.62,364,18
202207,정기권,00934,934. 신사동 성당,2,135.43,1.05,4500.00,63,20
202207,정기권,00939,939. 은평구청 교차로,2,24.53,0.26,1110.00,5,21
202207,정기권,00941,941. 은평뉴타운 도서관,1,19.08,0.18,790.00,5,22
202207,정기권,00942,942. 상림마을 생태공원,1,12.27,0.13,563.46,3,23
202207,정기권,00947,947. 연신내 선일하이츠빌 정류소,10,471.46,4.61,19842.27,95,24
202207,정기권,00948,948. 디지털미디어 시티역 4번출구(DMC역),3,270.55,2.17,9338.12,159,25
202207,정기권,00949,949. 연신내역 1번 출구 ,32,675.14,6.29,27131.32,427,26
202207,정기권,00950,950. 구산역 2번 출구 예일여고 버스정류장,8,389.31,3.56,15315.08,283,27
202207,정기권,00952,952. 서울연신중학교,22,248.08,2.22,9638.70,42,28
202207,정기권,00953,953. 서울연신초등학교,1,137.69,1.61,6953.95,54,29
202207,정기권,01023,1023. 한국종합기술사옥 앞,15,672.97,6.47,27919.74,219,30
202207,정기권,01024,1024.  강동구청 앞,9,442.45,4.65,20022.43,227,31
202207,정기권,01025,1025. 상일초등학교,8,391.81,3.73,16074.21,162,32
202207,정기권,01026,1026. 대명초교 입구 교차로,18,870.45,8.24,35549.32,211,33
202207,정기권,01027,1027. 프라자 아파트 앞,7,224.07,2.25,9700.17,58,34
202207,정기권,01028,1028. 포레스 주상복합 빌딩,7,124.22,1.20,5210.21,35,35
202207,정기권,01029,1029. 성내어울터,25,1438.75,12.62,54424.79,523,36
202207,정기권,01030,1030. 미호 플랜트 앞,2,42.03,0.45,1930.00,18,37
202207,정기권,01031,1031. 올림픽로 836(아리수로),5,203.60,1.77,7632.87,104,38
202207,정기권,01032,1032. 선사고등학교,9,785.25,6.77,29185.05,162,39
202207,정기권,01033,1033. 고덕동 아남아파트,8,343.58,3.34,14451.47,277,41
202207,정기권,01034,1034. 고덕동 래미안 힐스테이트,13,1176.99,3.70,16002.53,101,42
202207,정기권,01035,1035. 고덕역 4번출구,29,1135.77,8.42,36375.19,259,43
202207,정기권,01036,1036. 고덕동 주양쇼핑,21,865.78,6.71,28857.35,260,44
202207,정기권,01037,1037. 강일리버파크 6단지,12,480.38,4.05,17429.39,113,45
202207,정기권,01041,1041. 묘곡초등학교,21,2168.72,20.65,88928.58,553,46
202207,정기권,01044,1044. 굽은다리역,72,3161.24,29.04,125236.05,1155,48
202207,정기권,01150,1150. 송정역 1번출구,20,1100.94,10.93,47085.68,402,49
202207,정기권,01151,1151. 마곡역1번출구,42,672.54,6.69,28958.14,211,50
202207,정기권,01152,1152. 마곡역교차로,89,2404.15,22.20,95731.35,856,51
202207,정기권,01153,"1153. 발산역 1번, 9번 인근 대여소",134,6887.00,61.92,266891.99,2362,52
202207,정기권,01155,1155. 기쁜우리복지관,39,1021.72,9.31,40251.92,283,53
202207,정기권,01157,1157. 강서구청,8,450.61,3.59,15503.09,210,54
202207,정기권,01251,1251. 석촌역 2번출구,20,505.57,4.45,19251.98,184,56
202207,정기권,01253,1253. 오금역 3번 출구 뒤,7,186.95,1.93,8364.98,48,57
202207,정기권,01256,1256. 문정현대아파트 교차로,4,155.95,1.92,8286.40,249,58
202207,정기권,01257,1257. 가락시장역 사거리,1,31.94,0.29,1240.91,10,59
202207,정기권,01258,1258. 가락미륭아파트 앞,4,308.64,2.62,11293.89,64,60
202207,정기권,01259,1259. 방이역 1번출구,11,408.97,3.67,15841.95,231,61
202207,정기권,01260,1260. 방이동 한양3차아파트 옆,50,2212.82,20.33,87576.18,731,62
202207,정기권,01262,1262. 송파여성문화회관 앞,12,335.22,2.91,12525.41,132,63
202207,정기권,01263,1263. 장지공영차고지,6,134.49,1.38,5905.28,98,64
202207,정기권,01264,1264. 천호역 10번 출구 앞,12,618.56,5.63,24202.41,160,65
202207,정기권,01265,1265. 문정동 근린공원,8,667.95,7.89,34011.81,399,66
202207,정기권,01267,1267. 올림픽공원 남2문 앞,3,164.44,1.78,7644.89,48,67
202207,정기권,01268,1268. 몽촌토성역 1번출구 옆,4,276.15,2.83,12191.52,166,68
202207,정기권,01269,1269. 리센츠아파트 ,6,87.43,0.83,3610.00,36,69
202207,정기권,01271,1271. 송파도서관,13,604.86,6.52,28088.86,180,70
202207,정기권,01274,1274. 영파여고 앞,12,255.70,2.56,11096.89,81,72
202207,정기권,01442,1442. 중랑구 중소기업 창업센터,57,1829.05,15.92,68847.41,804,73
202207,정기권,01444,1444. 면목4치안센터,5,497.11,4.21,18156.79,162,74
202207,정기권,01446,1446. 중랑전화국 교차로,13,364.82,3.34,14398.86,139,75
202207,정기권,01447,1447. 면목역 3번출구,9,400.25,3.60,15594.35,106,76
202207,정기권,01448,1448. 코스트코 상봉점,4,269.96,2.38,10255.97,55,77
202207,정기권,01526,1526. 강북종합시장 앞,3,90.18,0.69,3001.31,23,80
202207,정기권,01527,1527. 미아역 1번 출구 뒤,3,44.85,0.46,1974.85,14,81
202207,정기권,01528,1528. 삼각산동 주민센터,10,342.22,3.51,15160.82,129,82
202207,정기권,01529,1529. 미아동 한국전력공사,32,1209.79,11.26,48634.54,314,83
202207,정기권,01530,1530. 광산사거리,20,1039.53,10.90,46977.83,540,84
202207,정기권,01531,1531. 미아사거리 1번 출구,22,1815.57,16.97,73050.90,462,85
202207,정기권,01532,1532. 번3동 주민센터 교차로,2,22.90,0.23,992.88,22,86
202207,정기권,01533,"1533. 번동 주공3, 4단지 교차로",15,452.90,4.14,17847.37,193,87
202207,정기권,01535,1535. 효성인텔리안 앞,3,132.35,1.36,5838.84,42,88
202207,정기권,01536,1536. 번동 두산위브 101동 옆,5,147.77,1.42,6127.27,40,90
202207,정기권,01643,1643. 태릉입구역 8번출구,45,1889.73,18.77,80864.81,579,91
202207,정기권,01646,1646. 삼육대 입구,4,420.40,3.82,16445.32,100,92
202207,정기권,01650,1650. 중계근린공원내,182,6177.44,56.60,243836.55,2932,93
202207,정기권,01651,1651. 상계동 우방유쉘아파트 앞,8,198.48,1.61,6928.28,60,94
202207,정기권,01652,1652. 파르코 앞,2,145.49,1.61,6932.37,60,96
202207,정기권,01653,1653. 노원역1번출구,73,2969.90,29.77,128088.72,1232,97
202207,정기권,01654,1654. 당고개입구 오거리,13,812.58,7.74,33324.67,167,98
202207,정기권,01655,1655. 공릉1단지아파트,31,1332.66,12.21,52516.64,447,99
202207,정기권,01656,1656. 중앙하이츠 아파트 입구,30,1208.95,12.67,54508.32,408,100
202208,정기권,00108,108. 서교동 사거리,10,1582.33,14.90,64275.70,474,1
202208,정기권,00109,109. 제일빌딩 앞,7,1572.22,15.55,66967.28,298,79
202208,정기권,00400,400. 상암한화오벨리스크 1차 앞,5,175.43,2.04,8806.03,107,80
202208,정기권,00505,505. 자양사거리 광진아크로텔 앞,16,609.30,5.64,24386.30,164,20
202208,정기권,00508,508. 성수아카데미타워 앞,5,240.66,2.51,10814.21,77,40
202208,정기권,00509,509. 이마트 버스정류소 옆,6,233.01,2.13,9145.25,64,47
202208,정기권,00510,510. 서울숲 남문 버스정류소 옆,2,547.74,6.14,26478.87,112,55
202208,정기권,00511,511. 서울숲역 5번 출구 옆,1,48.75,0.34,1448.44,23,63
202208,정기권,00512,512. 뚝섬역 1번 출구 옆,4,189.77,1.74,7502.10,94,72
202208,정기권,00513,513. 뚝섬역 5번 출구 정류소 옆,3,54.32,0.49,2110.41,13,90
202208,정기권,00514,514. 성수사거리 버스정류장 앞,12,196.76,1.91,8180.24,52,95
202208,정기권,00729,729. 서부식자재마트 건너편,31,1561.14,12.29,52989.31,354,2
202208,정기권,00731,731. 서울시 도로환경관리센터,28,886.57,7.79,33540.60,285,3
202208,정기권,00732,732. 신월중학교,7,467.44,4.46,19187.36,136,4
202208,정기권,00733,733. 신정이펜하우스314동,53,2863.04,24.91,107440.20,696,5
202208,정기권,00734,734. 신트리공원 입구,51,4460.63,39.76,171416.52,1055,6
202208,정기권,00735,735. 영도초등학교,63,2097.47,22.57,97318.28,802,7
202208,정기권,00736,736. 오솔길공원,28,1011.74,8.31,35778.34,304,8
202208,정기권,00737,737. 장수공원,5,230.54,2.09,8995.19,56,9
202208,정기권,00739,739. 신월사거리,10,368.57,3.55,15319.62,138,10
202208,정기권,00740,740. 으뜸공원,12,648.15,6.84,29417.70,188,11
202208,정기권,00741,741. 화곡로 입구 교차로,3,55.06,0.56,2396.91,78,12
202208,정기권,00742,742. 등촌역 5번 출구 뒤,4,197.30,1.82,7867.86,67,13
202208,정기권,00743,743. 현대6차아파트 101동 옆,9,439.13,4.67,20142.15,144,14
202208,정기권,00744,744. 신목동역 2번 출구,2,61.08,0.51,2206.48,19,15
202208,정기권,00745,745. 강서초등학교,2,35.84,0.33,1420.00,64,16
202208,정기권,00746,746. 목동2단지 상가,110,5317.34,47.03,202446.50,1677,17
202208,정기권,00747,747. 목동3단지 상가,52,1336.55,12.63,54385.98,496,18
202208,정기권,00748,748. 목동운동장,20,719.75,7.48,32300.98,320,19
202208,정기권,00934,934. 신사동 성당,4,165.78,1.20,5168.51,42,21
202208,정기권,00937,937. 상림마을 롯데캐슬2단지 옆,1,23.11,0.23,972.56,5,22
202208,정기권,00942,942. 상림마을 생태공원,3,60.83,0.54,2307.72,28,23
202208,정기권,00945,945. 기자촌 사거리 A,1,22.95,0.22,950.00,9,24
202208,정기권,00946,946. 독바위역 ,1,77.55,0.67,2880.00,16,25
202208,정기권,00947,947. 연신내 선일하이츠빌 정류소,5,338.69,3.11,13460.37,64,26
202208,정기권,00948,948. 디지털미디어 시티역 4번출구(DMC역),4,284.04,3.74,16139.05,119,27
202208,정기권,00949,949. 연신내역 1번 출구 ,33,467.33,4.27,18298.63,258,28
202208,정기권,00950,950. 구산역 2번 출구 예일여고 버스정류장,5,198.61,1.85,8038.14,110,29
202208,정기권,00952,952. 서울연신중학교,19,125.03,1.14,4856.92,35,30
202208,정기권,00953,953. 서울연신초등학교,1,28.27,0.28,1190.00,9,31
202208,정기권,01023,1023. 한국종합기술사옥 앞,20,1155.42,10.96,47245.82,410,32
202208,정기권,01024,1024.  강동구청 앞,5,545.58,5.41,23336.40,163,33
202208,정기권,01025,1025. 상일초등학교,7,420.70,3.82,16430.50,342,34
202208,정기권,01026,1026. 대명초교 입구 교차로,13,825.55,8.19,35435.35,290,35
202208,정기권,01027,1027. 프라자 아파트 앞,4,852.29,6.61,28470.00,218,36
202208,정기권,01028,1028. 포레스 주상복합 빌딩,7,283.65,3.04,13129.21,174,37
202208,정기권,01029,1029. 성내어울터,21,1256.51,11.64,50260.38,463,38
202208,정기권,01032,1032. 선사고등학교,11,1008.07,8.70,37469.34,262,39
202208,정기권,01033,1033. 고덕동 아남아파트,13,1302.53,10.73,46217.67,463,41
202208,정기권,01034,1034. 고덕동 래미안 힐스테이트,6,1017.44,4.73,20404.28,147,42
202208,정기권,01035,1035. 고덕역 4번출구,25,842.28,6.97,30088.11,368,43
202208,정기권,01036,1036. 고덕동 주양쇼핑,18,627.34,6.55,28313.11,394,44
202208,정기권,01041,1041. 묘곡초등학교,25,2920.72,22.66,97662.96,585,45
202208,정기권,01042,1042. 강일리버파크 2~5단지,2,101.22,0.87,3761.34,61,46
202208,정기권,01044,1044. 굽은다리역,74,3174.36,28.78,124021.77,1194,48
202208,정기권,01150,1150. 송정역 1번출구,25,961.44,9.62,41483.82,489,49
202208,정기권,01151,1151. 마곡역1번출구,34,605.03,5.50,23718.21,157,50
202208,정기권,01152,1152. 마곡역교차로,59,1733.69,15.89,68321.10,748,51
202208,정기권,01153,"1153. 발산역 1번, 9번 인근 대여소",96,3868.98,36.37,156776.28,1528,52
202208,정기권,01155,1155. 기쁜우리복지관,32,1495.13,14.09,60716.92,429,53
202208,정기권,01157,1157. 강서구청,3,325.65,2.59,11149.80,80,54
202208,정기권,01251,1251. 석촌역 2번출구,32,1367.39,12.81,55158.15,506,56
202208,정기권,01253,1253. 오금역 3번 출구 뒤,4,136.12,1.12,4802.96,30,57
202208,정기권,01256,1256. 문정현대아파트 교차로,6,155.93,1.70,7350.63,43,58
202208,정기권,01257,1257. 가락시장역 사거리,1,34.67,0.31,1346.78,10,59
202208,정기권,01258,1258. 가락미륭아파트 앞,5,77.14,0.94,4058.33,23,60
202208,정기권,01259,1259. 방이역 1번출구,6,327.72,3.52,15203.12,111,61
202208,정기권,01260,1260. 방이동 한양3차아파트 옆,40,2739.91,23.25,100194.95,794,62
202208,정기권,01262,1262. 송파여성문화회관 앞,3,92.89,0.80,3466.26,36,64
202208,정기권,01263,1263. 장지공영차고지,3,51.68,0.58,2510.23,19,65
202208,정기권,01264,1264. 천호역 10번 출구 앞,17,809.31,7.86,33962.01,309,66
202208,정기권,01266,1266. 문정동 글샘 공원,1,36.29,0.33,1410.00,12,67
202208,정기권,01267,1267. 올림픽공원 남2문 앞,5,257.08,2.63,11305.67,72,68
202208,정기권,01268,1268. 몽촌토성역 1번출구 옆,9,561.18,5.66,24394.47,193,69
202208,정기권,01269,1269. 리센츠아파트 ,7,141.39,1.63,7028.68,66,70
202208,정기권,01271,1271. 송파도서관,7,381.23,3.56,15405.93,106,71
202208,정기권,01274,1274. 영파여고 앞,3,92.37,0.94,4042.40,98,73
202208,정기권,01442,1442. 중랑구 중소기업 창업센터,45,1279.61,11.25,48406.07,498,74
202208,정기권,01444,1444. 면목4치안센터,4,397.77,4.64,20015.83,172,75
202208,정기권,01446,1446. 중랑전화국 교차로,13,572.89,5.54,23882.60,188,76
202208,정기권,01447,1447. 면목역 3번출구,19,585.35,5.75,24683.38,230,77
202208,정기권,01448,1448. 코스트코 상봉점,8,280.53,3.08,13251.77,183,78
202208,정기권,01526,1526. 강북종합시장 앞,1,39.92,0.26,1120.00,8,81
202208,정기권,01527,1527. 미아역 1번 출구 뒤,4,599.05,3.80,16371.60,100,82
202208,정기권,01528,1528. 삼각산동 주민센터,12,312.90,3.38,14615.09,77,83
202208,정기권,01529,1529. 미아동 한국전력공사,11,1022.75,7.22,31139.00,218,84
202208,정기권,01530,1530. 광산사거리,4,185.52,1.85,8013.25,85,85
202208,정기권,01531,1531. 미아사거리 1번 출구,20,975.57,10.02,43125.04,350,86
202208,정기권,01532,1532. 번3동 주민센터 교차로,5,151.74,1.52,6538.45,52,87
202208,정기권,01533,"1533. 번동 주공3, 4단지 교차로",6,547.27,5.05,21737.82,194,88
202208,정기권,01535,1535. 효성인텔리안 앞,6,377.41,3.47,14901.87,82,89
202208,정기권,01643,1643. 태릉입구역 8번출구,23,749.00,6.93,29817.58,212,91
202208,정기권,01646,1646. 삼육대 입구,1,174.90,1.53,6592.18,37,92
202208,정기권,01650,1650. 중계근린공원내,134,4478.33,43.07,185698.36,1775,93
202208,정기권,01651,1651. 상계동 우방유쉘아파트 앞,9,158.99,1.55,6638.26,99,94
202208,정기권,01652,1652. 파르코 앞,5,220.21,2.28,9854.02,80,96
202208,정기권,01653,1653. 노원역1번출구,54,1666.50,17.51,75377.55,681,97
202208,정기권,01654,1654. 당고개입구 오거리,4,87.94,0.83,3537.77,27,98
202208,정기권,01655,1655. 공릉1단지아파트,34,4379.96,30.09,129686.10,660,99
202208,정기권,01656,1656. 중앙하이츠 아파트 입구,41,1579.39,17.39,74932.21,649,100
202209,정기권,00108,108. 서교동 사거리,8,407.21,4.70,20223.44,218,1
202209,정기권,00109,109. 제일빌딩 앞,7,1118.53,11.73,50560.74,289,79
202209,정기권,00400,400. 상암한화오벨리스크 1차 앞,16,601.15,6.19,26550.06,292,80
202209,정기권,00505,505. 자양사거리 광진아크로텔 앞,24,1041.43,9.16,39446.15,612,19
202209,정기권,00509,509. 이마트 버스정류소 옆,10,342.84,3.21,13852.36,124,47
202209,정기권,00510,510. 서울숲 남문 버스정류소 옆,2,79.57,0.85,3660.94,37,55
202209,정기권,00511,511. 서울숲역 5번 출구 옆,1,42.17,0.49,2130.00,25,63
202209,정기권,00512,512. 뚝섬역 1번 출구 옆,9,315.05,3.27,14072.21,109,72
202209,정기권,00513,513. 뚝섬역 5번 출구 정류소 옆,7,144.01,1.32,5659.88,32,90
202209,정기권,00514,514. 성수사거리 버스정류장 앞,10,578.13,5.68,24486.33,160,96
202209,정기권,00729,729. 서부식자재마트 건너편,37,2008.42,16.55,71387.21,464,2
202209,정기권,00731,731. 서울시 도로환경관리센터,17,537.20,5.22,22455.51,270,3
202209,정기권,00732,732. 신월중학교,4,306.23,2.23,9676.60,60,4
202209,정기권,00733,733. 신정이펜하우스314동,63,2665.11,24.35,104866.55,700,5
202209,정기권,00734,734. 신트리공원 입구,59,4962.85,44.11,190117.14,1259,6
202209,정기권,00735,735. 영도초등학교,99,2746.97,28.98,124908.46,1307,7
202209,정기권,00736,736. 오솔길공원,23,711.78,6.03,26047.96,175,8
202209,정기권,00737,737. 장수공원,4,197.65,2.05,8835.85,49,9
202209,정기권,00739,739. 신월사거리,27,1046.53,10.14,43636.31,336,10
202209,정기권,00740,740. 으뜸공원,5,195.85,1.85,7983.19,53,11
202209,정기권,00742,742. 등촌역 5번 출구 뒤,3,125.69,1.15,4970.00,68,12
202209,정기권,00743,743. 현대6차아파트 101동 옆,14,688.49,6.16,26490.94,285,13
202209,정기권,00744,744. 신목동역 2번 출구,8,303.97,2.73,11747.46,139,14
202209,정기권,00745,745. 강서초등학교,4,457.48,3.83,16503.41,122,15
202209,정기권,00746,746. 목동2단지 상가,136,6425.55,58.63,252524.47,2103,16
202209,정기권,00747,747. 목동3단지 상가,55,1611.75,15.03,64779.85,716,17
202209,정기권,00748,748. 목동운동장,12,273.09,2.71,11709.87,139,18
202209,정기권,00937,937. 상림마을 롯데캐슬2단지 옆,1,21.03,0.18,758.50,6,20
202209,정기권,00938,938. 금암 문화공원,2,344.23,3.43,14808.04,114,21
202209,정기권,00939,939. 은평구청 교차로,10,427.75,3.89,16795.06,172,22
202209,정기권,00941,941. 은평뉴타운 도서관,1,15.10,0.14,624.95,9,23
202209,정기권,00945,945. 기자촌 사거리 A,2,18.70,0.11,492.16,5,24
202209,정기권,00946,946. 독바위역 ,5,255.73,2.21,9497.28,101,25
202209,정기권,00947,947. 연신내 선일하이츠빌 정류소,14,357.93,3.49,15064.33,65,26
202209,정기권,00948,948. 디지털미디어 시티역 4번출구(DMC역),7,294.60,2.13,9146.12,76,27
202209,정기권,00949,949. 연신내역 1번 출구 ,27,250.63,2.25,9658.73,73,28
202209,정기권,00950,950. 구산역 2번 출구 예일여고 버스정류장,12,673.97,5.67,24394.38,209,29
202209,정기권,00952,952. 서울연신중학교,27,402.97,3.80,16406.62,109,30
202209,정기권,00953,953. 서울연신초등학교,8,226.18,2.75,11899.26,146,31
202209,정기권,01023,1023. 한국종합기술사옥 앞,23,1830.71,16.61,71565.64,521,32
202209,정기권,01024,1024.  강동구청 앞,3,82.44,0.92,3960.00,28,33
202209,정기권,01025,1025. 상일초등학교,5,198.80,1.82,7827.64,61,34
202209,정기권,01026,1026. 대명초교 입구 교차로,9,397.58,4.28,18469.80,148,35
202209,정기권,01027,1027. 프라자 아파트 앞,4,87.94,0.85,3701.87,80,36
202209,정기권,01028,1028. 포레스 주상복합 빌딩,7,121.20,1.17,5075.04,42,37
202209,정기권,01029,1029. 성내어울터,19,894.43,8.29,35685.15,303,38
202209,정기권,01030,1030. 미호 플랜트 앞,1,16.42,0.14,592.32,3,39
202209,정기권,01031,1031. 올림픽로 836(아리수로),4,422.87,3.47,14947.96,91,40
202209,정기권,01033,1033. 고덕동 아남아파트,10,480.46,3.91,16913.03,262,41
202209,정기권,01034,1034. 고덕동 래미안 힐스테이트,11,871.22,2.79,12054.21,77,42
202209,정기권,01035,1035. 고덕역 4번출구,39,1643.67,11.80,50817.03,395,43
202209,정기권,01036,1036. 고덕동 주양쇼핑,30,823.11,7.79,33555.91,258,44
202209,정기권,01041,1041. 묘곡초등학교,29,5342.17,41.10,177200.62,1298,45
202209,정기권,01042,1042. 강일리버파크 2~5단지,1,115.83,1.04,4500.00,56,46
202209,정기권,01044,1044. 굽은다리역,63,2445.16,22.78,98237.49,987,48
202209,정기권,01150,1150. 송정역 1번출구,59,2114.60,21.87,94307.90,676,49
202209,정기권,01151,1151. 마곡역1번출구,59,865.95,8.31,35783.01,310,50
202209,정기권,01152,1152. 마곡역교차로,51,1298.43,11.77,50519.25,417,51
202209,정기권,01153,"1153. 발산역 1번, 9번 인근 대여소",96,4238.11,39.07,168447.96,1336,52
202209,정기권,01155,1155. 기쁜우리복지관,64,2986.38,28.25,121863.26,1639,53
202209,정기권,01157,1157. 강서구청,7,278.78,2.74,11772.30,73,54
202209,정기권,01251,1251. 석촌역 2번출구,22,509.52,4.23,18269.17,378,56
202209,정기권,01253,1253. 오금역 3번 출구 뒤,9,615.02,4.38,18826.75,148,57
202209,정기권,01256,1256. 문정현대아파트 교차로,11,657.45,6.21,26863.33,191,58
202209,정기권,01257,1257. 가락시장역 사거리,4,271.03,2.45,10528.83,70,59
202209,정기권,01258,1258. 가락미륭아파트 앞,12,157.70,1.93,8296.42,47,60
202209,정기권,01259,1259. 방이역 1번출구,13,481.43,4.38,18893.72,206,61
202209,정기권,01260,1260. 방이동 한양3차아파트 옆,75,4671.32,37.65,162441.06,1901,62
202209,정기권,01262,1262. 송파여성문화회관 앞,8,387.72,3.20,13874.92,222,64
202209,정기권,01263,1263. 장지공영차고지,1,13.43,0.15,665.23,59,65
202209,정기권,01264,1264. 천호역 10번 출구 앞,26,1619.49,13.85,59748.37,366,66
202209,정기권,01265,1265. 문정동 근린공원,11,458.66,4.39,18924.37,206,67
202209,정기권,01267,1267. 올림픽공원 남2문 앞,6,502.81,4.35,18776.62,110,68
202209,정기권,01268,1268. 몽촌토성역 1번출구 옆,10,634.54,6.05,26099.96,272,69
202209,정기권,01269,1269. 리센츠아파트 ,6,197.92,1.74,7547.59,99,70
202209,정기권,01271,1271. 송파도서관,3,166.57,1.61,6924.63,42,71
202209,정기권,01274,1274. 영파여고 앞,6,123.08,0.99,4300.16,30,73
202209,정기권,01442,1442. 중랑구 중소기업 창업센터,41,1325.32,13.42,57937.11,539,74
202209,정기권,01444,1444. 면목4치안센터,10,326.89,3.24,13991.22,145,75
202209,정기권,01446,1446. 중랑전화국 교차로,30,1376.00,11.46,49418.15,469,76
202209,정기권,01447,1447. 면목역 3번출구,20,860.70,7.73,33362.09,221,77
202209,정기권,01448,1448. 코스트코 상봉점,9,237.76,2.19,9461.22,118,78
202209,정기권,01526,1526. 강북종합시장 앞,3,150.73,1.41,6090.80,47,81
202209,정기권,01527,1527. 미아역 1번 출구 뒤,14,1211.69,8.00,34456.69,192,82
202209,정기권,01528,1528. 삼각산동 주민센터,27,830.87,9.02,38891.38,188,83
202209,정기권,01529,1529. 미아동 한국전력공사,24,2045.67,15.08,65059.26,356,84
202209,정기권,01530,1530. 광산사거리,15,380.05,3.79,16372.60,196,85
202209,정기권,01531,1531. 미아사거리 1번 출구,20,864.40,8.72,37629.68,285,86
202209,정기권,01532,1532. 번3동 주민센터 교차로,10,700.46,6.07,26202.04,197,87
202209,정기권,01533,"1533. 번동 주공3, 4단지 교차로",8,887.95,9.04,38988.71,516,88
202209,정기권,01535,1535. 효성인텔리안 앞,5,208.31,1.87,8113.19,69,89
202209,정기권,01536,1536. 번동 두산위브 101동 옆,9,538.42,5.08,21902.53,171,91
202209,정기권,01643,1643. 태릉입구역 8번출구,15,1362.65,11.98,51627.39,399,92
202209,정기권,01646,1646. 삼육대 입구,3,306.28,2.75,11853.78,90,93
202209,정기권,01650,1650. 중계근린공원내,147,4457.60,43.61,187827.24,2029,94
202209,정기권,01651,1651. 상계동 우방유쉘아파트 앞,3,264.04,1.82,7844.98,44,95
202209,정기권,01652,1652. 파르코 앞,6,165.85,1.63,7013.91,39,97
202209,정기권,01653,1653. 노원역1번출구,74,2845.61,27.45,118242.90,1490,98
202209,정기권,01654,1654. 당고개입구 오거리,9,429.62,4.32,18608.10,124,99
202209,정기권,01655,1655. 공릉1단지아파트,39,1402.93,11.59,50047.05,364,100
202210,정기권,00108,108. 서교동 사거리,12,1190.45,12.86,55404.79,486,1
202210,정기권,00109,109. 제일빌딩 앞,3,395.67,3.07,13233.20,111,80
202210,정기권,00400,400. 상암한화오벨리스크 1차 앞,15,511.01,5.21,22438.98,195,81
202210,정기권,00505,505. 자양사거리 광진아크로텔 앞,6,161.93,1.55,6639.78,178,20
202210,정기권,00508,508. 성수아카데미타워 앞,4,95.89,0.97,4174.98,62,40
202210,정기권,00509,509. 이마트 버스정류소 옆,12,574.13,5.23,22539.29,157,47
202210,정기권,00510,510. 서울숲 남문 버스정류소 옆,6,726.72,6.70,28933.50,247,55
202210,정기권,00511,511. 서울숲역 5번 출구 옆,4,181.19,1.40,6028.96,76,62
202210,정기권,00512,512. 뚝섬역 1번 출구 옆,8,697.35,6.16,26529.42,260,72
202210,정기권,00513,513. 뚝섬역 5번 출구 정류소 옆,4,85.93,0.80,3462.33,26,90
202210,정기권,00514,514. 성수사거리 버스정류장 앞,3,41.26,0.42,1796.29,9,96
202210,정기권,00729,729. 서부식자재마트 건너편,27,1468.22,11.75,50666.82,326,2
202210,정기권,00731,731. 서울시 도로환경관리센터,22,875.50,7.60,32706.94,327,3
202210,정기권,00732,732. 신월중학교,5,115.49,1.03,4460.32,31,4
202210,정기권,00733,733. 신정이펜하우스314동,51,2225.79,19.58,84355.33,498,5
202210,정기권,00734,734. 신트리공원 입구,44,3274.77,28.55,123114.44,909,6
202210,정기권,00735,735. 영도초등학교,71,2002.81,20.33,87429.80,847,7
202210,정기권,00736,736. 오솔길공원,34,1257.47,10.58,45594.99,329,8
202210,정기권,00737,737. 장수공원,16,858.60,8.66,37286.43,231,9
202210,정기권,00739,739. 신월사거리,29,997.63,8.81,37986.03,244,10
202210,정기권,00740,740. 으뜸공원,7,409.58,3.50,15091.18,98,11
202210,정기권,00741,741. 화곡로 입구 교차로,4,248.67,2.04,8802.83,43,12
202210,정기권,00742,742. 등촌역 5번 출구 뒤,6,346.22,3.38,14594.33,124,13
202210,정기권,00743,743. 현대6차아파트 101동 옆,22,971.28,8.63,37224.60,355,14
202210,정기권,00744,744. 신목동역 2번 출구,8,267.78,2.81,12099.10,93,15
202210,정기권,00745,745. 강서초등학교,9,310.14,2.72,11723.12,107,16
202210,정기권,00746,746. 목동2단지 상가,134,5843.51,54.98,237013.51,2104,17
202210,정기권,00747,747. 목동3단지 상가,44,1211.46,10.88,47022.86,403,18
202210,정기권,00748,748. 목동운동장,9,147.15,1.61,6968.53,62,19
202210,정기권,00934,934. 신사동 성당,1,4.55,0.03,141.88,13,21
202210,정기권,00937,937. 상림마을 롯데캐슬2단지 옆,1,36.58,0.31,1319.53,17,22
202210,정기권,00938,938. 금암 문화공원,2,29.90,0.30,1280.00,9,23
202210,정기권,00942,942. 상림마을 생태공원,1,21.07,0.18,760.00,3,24
202210,정기권,00946,946. 독바위역 ,4,174.06,1.51,6463.97,33,25
202210,정기권,00947,947. 연신내 선일하이츠빌 정류소,18,483.38,4.73,20343.77,84,26
202210,정기권,00949,949. 연신내역 1번 출구 ,38,544.23,5.12,22004.88,506,27
202210,정기권,00950,950. 구산역 2번 출구 예일여고 버스정류장,20,841.27,7.53,32452.07,454,28
202210,정기권,00952,952. 서울연신중학교,30,282.42,2.55,10971.62,60,29
202210,정기권,00953,953. 서울연신초등학교,19,527.79,6.34,27278.14,316,30
202210,정기권,01023,1023. 한국종합기술사옥 앞,19,1104.99,10.32,44386.51,543,31
202210,정기권,01024,1024.  강동구청 앞,3,116.58,1.29,5541.34,78,32
202210,정기권,01025,1025. 상일초등학교,4,501.10,4.49,19374.23,196,33
202210,정기권,01026,1026. 대명초교 입구 교차로,6,516.98,4.75,20509.85,108,34
202210,정기권,01027,1027. 프라자 아파트 앞,6,205.99,2.02,8678.24,45,35
202210,정기권,01028,1028. 포레스 주상복합 빌딩,12,193.56,1.75,7604.31,59,36
202210,정기권,01029,1029. 성내어울터,19,950.65,8.95,38541.73,314,37
202210,정기권,01030,1030. 미호 플랜트 앞,1,31.79,0.30,1294.63,7,38
202210,정기권,01031,1031. 올림픽로 836(아리수로),8,671.22,5.24,22580.17,158,39
202210,정기권,01033,1033. 고덕동 아남아파트,6,265.20,2.13,9179.04,225,41
202210,정기권,01034,1034. 고덕동 래미안 힐스테이트,10,882.36,3.00,12892.36,93,42
202210,정기권,01035,1035. 고덕역 4번출구,30,1171.13,8.86,38271.33,415,43
202210,정기권,01036,1036. 고덕동 주양쇼핑,39,1648.94,15.74,67805.57,558,44
202210,정기권,01037,1037. 강일리버파크 6단지,6,196.65,1.65,7134.76,34,45
202210,정기권,01041,1041. 묘곡초등학교,24,4266.37,32.39,139764.94,977,46
202210,정기권,01044,1044. 굽은다리역,78,3175.28,30.32,130857.76,1133,48
202210,정기권,01150,1150. 송정역 1번출구,62,1856.27,20.24,87137.39,864,49
202210,정기권,01151,1151. 마곡역1번출구,56,836.58,8.03,34490.93,276,50
202210,정기권,01152,1152. 마곡역교차로,70,1768.91,16.15,69649.01,714,51
202210,정기권,01153,"1153. 발산역 1번, 9번 인근 대여소",96,4232.28,39.33,169401.41,1316,52
202210,정기권,01155,1155. 기쁜우리복지관,62,2607.52,24.15,103892.22,852,53
202210,정기권,01157,1157. 강서구청,5,262.53,2.71,11660.28,107,54
202210,정기권,01251,1251. 석촌역 2번출구,26,585.55,4.98,21506.15,226,56
202210,정기권,01253,1253. 오금역 3번 출구 뒤,6,459.79,3.41,14658.29,155,57
202210,정기권,01256,1256. 문정현대아파트 교차로,14,309.15,3.32,14269.28,135,58
202210,정기권,01258,1258. 가락미륭아파트 앞,15,312.01,3.14,13548.40,71,59
202210,정기권,01259,1259. 방이역 1번출구,10,356.55,2.85,12325.01,120,60
202210,정기권,01260,1260. 방이동 한양3차아파트 옆,76,6303.99,51.13,220386.21,1689,61
202210,정기권,01262,1262. 송파여성문화회관 앞,7,239.97,1.94,8367.91,68,63
202210,정기권,01263,1263. 장지공영차고지,2,8.12,0.10,410.00,4,64
202210,정기권,01264,1264. 천호역 10번 출구 앞,24,1086.07,10.57,45586.33,388,65
202210,정기권,01265,1265. 문정동 근린공원,4,119.33,1.26,5448.29,143,66
202210,정기권,01266,1266. 문정동 글샘 공원,7,404.08,2.77,11914.20,127,67
202210,정기권,01267,1267. 올림픽공원 남2문 앞,10,333.16,3.50,15032.09,108,68
202210,정기권,01268,1268. 몽촌토성역 1번출구 옆,11,572.00,5.97,25692.44,226,69
202210,정기권,01269,1269. 리센츠아파트 ,3,112.17,1.01,4357.49,29,70
202210,정기권,01271,1271. 송파도서관,12,772.73,6.71,28953.89,596,71
202210,정기권,01274,1274. 영파여고 앞,20,381.11,3.40,14657.72,212,73
202210,정기권,01442,1442. 중랑구 중소기업 창업센터,32,745.17,7.71,33256.83,289,74
202210,정기권,01444,1444. 면목4치안센터,4,109.36,1.10,4756.33,30,75
202210,정기권,01445,1445. 용마지구대 A,1,131.99,1.49,6410.00,34,76
202210,정기권,01446,1446. 중랑전화국 교차로,31,1360.26,13.03,56189.99,605,77
202210,정기권,01447,1447. 면목역 3번출구,27,1016.66,8.82,38065.81,327,78
202210,정기권,01448,1448. 코스트코 상봉점,11,448.29,3.78,16346.69,132,79
202210,정기권,01527,1527. 미아역 1번 출구 뒤,19,1615.41,11.26,48548.67,248,82
202210,정기권,01528,1528. 삼각산동 주민센터,17,288.28,3.49,14988.18,127,83
202210,정기권,01529,1529. 미아동 한국전력공사,13,942.36,7.59,32724.11,219,84
202210,정기권,01530,1530. 광산사거리,11,395.43,3.70,15932.82,116,85
202210,정기권,01531,1531. 미아사거리 1번 출구,17,633.93,6.94,29895.85,212,86
202210,정기권,01532,1532. 번3동 주민센터 교차로,6,333.97,3.24,13972.13,107,87
202210,정기권,01533,"1533. 번동 주공3, 4단지 교차로",5,572.01,4.58,19744.69,132,88
202210,정기권,01535,1535. 효성인텔리안 앞,3,434.27,3.81,16402.04,86,89
202210,정기권,01536,1536. 번동 두산위브 101동 옆,7,351.48,3.32,14274.61,87,91
202210,정기권,01643,1643. 태릉입구역 8번출구,6,238.26,2.23,9600.08,87,92
202210,정기권,01646,1646. 삼육대 입구,1,92.00,0.90,3871.89,17,93
202210,정기권,01650,1650. 중계근린공원내,127,3250.93,31.84,137241.45,1331,94
202210,정기권,01651,1651. 상계동 우방유쉘아파트 앞,5,279.86,2.45,10526.98,77,95
202210,정기권,01652,1652. 파르코 앞,5,126.21,1.21,5154.27,36,97
202210,정기권,01653,1653. 노원역1번출구,81,3301.53,31.41,135460.81,1334,98
202210,정기권,01654,1654. 당고개입구 오거리,7,265.04,2.41,10363.61,69,99
202210,정기권,01655,1655. 공릉1단지아파트,33,2074.77,15.26,65721.29,535,100
202211,정기권,00108,108. 서교동 사거리,3,123.70,1.30,5624.49,75,1
202211,정기권,00109,109. 제일빌딩 앞,1,188.39,2.04,8809.88,46,83
202211,정기권,00400,400. 상암한화오벨리스크 1차 앞,5,317.19,3.30,14213.37,106,84
202211,정기권,00505,505. 자양사거리 광진아크로텔 앞,7,168.13,1.77,7637.37,48,20
202211,정기권,00506,506. 금호 어울림 아파트 앞,2,195.03,2.29,9850.00,53,27
202211,정기권,00508,508. 성수아카데미타워 앞,1,20.03,0.16,702.44,29,44
202211,정기권,00509,509. 이마트 버스정류소 옆,11,235.08,2.11,9132.78,81,52
202211,정기권,00510,510. 서울숲 남문 버스정류소 옆,3,167.04,1.41,6049.73,73,60
202211,정기권,00512,512. 뚝섬역 1번 출구 옆,8,505.71,4.27,18461.56,240,76
202211,정기권,00513,513. 뚝섬역 5번 출구 정류소 옆,13,564.26,5.11,22045.00,148,93
202211,정기권,00514,514. 성수사거리 버스정류장 앞,18,517.01,4.92,21210.59,232,99
202211,정기권,00729,729. 서부식자재마트 건너편,26,2156.65,16.76,72370.16,451,2
202211,정기권,00731,731. 서울시 도로환경관리센터,22,706.63,6.86,29497.39,273,3
202211,정기권,00732,732. 신월중학교,2,51.63,0.46,2005.91,14,4
202211,정기권,00733,733. 신정이펜하우스314동,46,2279.86,19.90,85590.98,446,5
202211,정기권,00734,734. 신트리공원 입구,32,2172.97,18.96,81623.66,559,6
202211,정기권,00735,735. 영도초등학교,73,1741.66,18.93,81457.59,901,7
202211,정기권,00736,736. 오솔길공원,20,580.30,4.88,21060.61,477,8
202211,정기권,00737,737. 장수공원,2,70.30,0.86,3700.80,20,9
202211,정기권,00739,739. 신월사거리,19,525.30,4.67,20146.59,127,10
202211,정기권,00740,740. 으뜸공원,4,220.37,1.78,7668.40,51,11
202211,정기권,00741,741. 화곡로 입구 교차로,1,45.06,0.47,2031.96,14,12
202211,정기권,00742,742. 등촌역 5번 출구 뒤,3,152.55,1.50,6490.07,48,13
202211,정기권,00743,743. 현대6차아파트 101동 옆,9,270.72,2.51,10811.41,70,14
202211,정기권,00744,744. 신목동역 2번 출구,4,297.22,2.54,10983.84,83,15
202211,정기권,00745,745. 강서초등학교,3,168.14,1.76,7602.47,32,16
202211,정기권,00746,746. 목동2단지 상가,95,3669.67,33.89,146019.99,1085,17
202211,정기권,00747,747. 목동3단지 상가,13,305.42,3.18,13745.83,130,18
202211,정기권,00748,748. 목동운동장,29,1323.74,14.92,64197.14,555,19
202211,정기권,00934,934. 신사동 성당,2,79.50,0.56,2433.50,17,21
202211,정기권,00937,937. 상림마을 롯데캐슬2단지 옆,4,86.14,0.73,3107.57,21,22
202211,정기권,00938,938. 금암 문화공원,1,120.02,1.28,5510.73,55,23
202211,정기권,00939,939. 은평구청 교차로,12,853.94,7.38,31890.96,262,24
202211,정기권,00941,941. 은평뉴타운 도서관,3,79.17,0.80,3448.34,15,25
202211,정기권,00942,942. 상림마을 생태공원,2,27.95,0.29,1270.86,27,26
202211,정기권,00946,946. 독바위역 ,2,96.66,0.84,3589.55,70,28
202211,정기권,00947,947. 연신내 선일하이츠빌 정류소,11,294.73,2.89,12405.02,54,29
202211,정기권,00948,948. 디지털미디어 시티역 4번출구(DMC역),6,356.40,2.82,12171.83,112,30
202211,정기권,00949,949. 연신내역 1번 출구 ,25,486.55,4.78,20614.23,236,31
202211,정기권,00950,950. 구산역 2번 출구 예일여고 버스정류장,20,593.50,5.71,24595.75,186,32
202211,정기권,00952,952. 서울연신중학교,13,81.89,0.73,3182.17,26,33
202211,정기권,00953,953. 서울연신초등학교,14,333.26,4.06,17531.80,134,34
202211,정기권,01023,1023. 한국종합기술사옥 앞,19,795.52,7.39,31794.23,269,35
202211,정기권,01024,1024.  강동구청 앞,3,170.41,1.66,7141.22,57,36
202211,정기권,01025,1025. 상일초등학교,7,122.02,1.00,4350.17,46,37
202211,정기권,01026,1026. 대명초교 입구 교차로,3,85.72,0.81,3495.86,25,38
202211,정기권,01027,1027. 프라자 아파트 앞,5,172.92,1.67,7237.81,43,39
202211,정기권,01028,1028. 포레스 주상복합 빌딩,2,45.30,0.40,1760.00,26,40
202211,정기권,01029,1029. 성내어울터,14,697.23,6.55,28155.87,215,41
202211,정기권,01030,1030. 미호 플랜트 앞,4,135.79,1.50,6520.39,55,42
202211,정기권,01031,1031. 올림픽로 836(아리수로),1,76.98,0.56,2430.00,14,43
202211,정기권,01033,1033. 고덕동 아남아파트,4,142.15,1.24,5320.22,48,45
202211,정기권,01034,1034. 고덕동 래미안 힐스테이트,2,151.43,0.44,1911.93,10,46
202211,정기권,01035,1035. 고덕역 4번출구,25,973.13,8.61,37066.07,310,47
202211,정기권,01036,1036. 고덕동 주양쇼핑,39,1775.98,16.23,69929.49,747,48
202211,정기권,01037,1037. 강일리버파크 6단지,10,573.23,4.85,20908.26,167,49
202211,정기권,01041,1041. 묘곡초등학교,27,3885.76,29.92,128936.44,1482,50
202211,정기권,01042,1042. 강일리버파크 2~5단지,5,474.05,4.03,17378.10,185,51
202211,정기권,01044,1044. 굽은다리역,47,1881.18,17.61,75871.89,697,53
202211,정기권,01150,1150. 송정역 1번출구,50,1622.38,17.29,74513.25,647,54
202211,정기권,01151,1151. 마곡역1번출구,47,644.50,6.18,26617.56,178,55
202211,정기권,01152,1152. 마곡역교차로,56,1370.46,13.27,57337.46,555,56
202211,정기권,01153,"1153. 발산역 1번, 9번 인근 대여소",73,3183.06,29.37,126478.85,1272,57
202211,정기권,01155,1155. 기쁜우리복지관,35,1267.06,11.48,49585.84,562,58
202211,정기권,01157,1157. 강서구청,9,322.96,2.86,12299.15,98,59
202211,정기권,01251,1251. 석촌역 2번출구,11,353.70,3.12,13475.05,137,61
202211,정기권,01253,1253. 오금역 3번 출구 뒤,4,434.37,3.20,13771.17,86,62
202211,정기권,01256,1256. 문정현대아파트 교차로,9,1619.01,10.07,43345.80,282,63
202211,정기권,01257,1257. 가락시장역 사거리,3,61.83,0.48,2054.61,25,64
202211,정기권,01258,1258. 가락미륭아파트 앞,11,591.40,4.05,17463.43,108,65
202211,정기권,01259,1259. 방이역 1번출구,17,934.87,8.05,34624.32,328,66
202211,정기권,01260,1260. 방이동 한양3차아파트 옆,62,2268.84,21.01,90437.25,1189,67
202211,정기권,01262,1262. 송파여성문화회관 앞,4,72.91,0.80,3451.27,88,68
202211,정기권,01264,1264. 천호역 10번 출구 앞,34,1297.48,11.11,47986.47,376,69
202211,정기권,01265,1265. 문정동 근린공원,15,275.31,3.04,13078.85,202,70
202211,정기권,01266,1266. 문정동 글샘 공원,5,250.97,2.04,8783.50,103,71
202211,정기권,01267,1267. 올림픽공원 남2문 앞,13,594.26,5.12,22133.49,192,72
202211,정기권,01268,1268. 몽촌토성역 1번출구 옆,8,904.11,8.26,35604.73,239,73
202211,정기권,01269,1269. 리센츠아파트 ,19,704.60,7.14,30692.73,221,74
202211,정기권,01271,1271. 송파도서관,4,208.95,1.97,8503.04,155,75
202211,정기권,01274,1274. 영파여고 앞,35,902.19,8.45,36515.90,469,77
202211,정기권,01442,1442. 중랑구 중소기업 창업센터,26,726.17,6.27,27095.41,205,78
202211,정기권,01444,1444. 면목4치안센터,2,85.70,0.75,3234.09,23,79
202211,정기권,01446,1446. 중랑전화국 교차로,51,1682.03,15.74,67861.29,787,80
202211,정기권,01447,1447. 면목역 3번출구,33,1300.29,11.39,49172.84,492,81
202211,정기권,01448,1448. 코스트코 상봉점,14,746.45,6.74,29036.57,234,82
202211,정기권,01527,1527. 미아역 1번 출구 뒤,9,658.16,4.42,19032.65,103,85
202211,정기권,01528,1528. 삼각산동 주민센터,16,309.23,3.58,15419.16,63,86
202211,정기권,01529,1529. 미아동 한국전력공사,7,409.76,3.22,13878.13,81,87
202211,정기권,01530,1530. 광산사거리,7,150.96,1.39,5956.80,33,88
202211,정기권,01531,1531. 미아사거리 1번 출구,18,1213.35,10.55,45568.90,390,89
202211,정기권,01532,1532. 번3동 주민센터 교차로,5,594.60,4.85,20907.30,113,90
202211,정기권,01533,"1533. 번동 주공3, 4단지 교차로",2,59.12,0.49,2116.63,64,91
202211,정기권,01535,1535. 효성인텔리안 앞,4,485.05,4.38,18898.93,118,92
202211,정기권,01536,1536. 번동 두산위브 101동 옆,1,112.79,0.91,3901.81,15,94
202211,정기권,01643,1643. 태릉입구역 8번출구,10,398.85,3.64,15665.41,257,95
202211,정기권,01646,1646. 삼육대 입구,1,94.11,0.92,3960.76,16,96
202211,정기권,01650,1650. 중계근린공원내,93,3114.65,29.01,124972.46,1294,97
202211,정기권,01651,1651. 상계동 우방유쉘아파트 앞,5,93.66,0.88,3791.15,24,98
202211,정기권,01652,1652. 파르코 앞,4,208.61,1.93,8339.45,64,100
202212,정기권,00302,302. 경복궁역 4번출구 뒤,1,13.12,0.11,466.53,4,97
202212,정기권,00303,303. 광화문역 1번출구 앞,16,679.59,6.48,27913.91,263,100
202212,정기권,00400,400. 상암한화오벨리스크 1차 앞,9,227.26,2.45,10573.26,88,65
202212,정기권,00505,505. 자양사거리 광진아크로텔 앞,13,334.04,2.69,11615.32,206,19
202212,정기권,00506,506. 금호 어울림 아파트 앞,1,129.25,1.11,4800.00,22,23
202212,정기권,00509,509. 이마트 버스정류소 옆,3,69.34,0.61,2596.86,55,40
202212,정기권,00512,512. 뚝섬역 1번 출구 옆,2,180.64,2.07,8944.10,44,58
202212,정기권,00513,513. 뚝섬역 5번 출구 정류소 옆,2,43.50,0.39,1689.79,11,73
202212,정기권,00515,515. 광양중학교 앞,1,51.68,0.45,1919.23,10,84
202212,정기권,00729,729. 서부식자재마트 건너편,12,678.55,5.70,24581.32,494,1
202212,정기권,00731,731. 서울시 도로환경관리센터,8,284.48,3.15,13575.21,92,2
202212,정기권,00732,732. 신월중학교,2,109.25,1.08,4650.00,52,3
202212,정기권,00733,733. 신정이펜하우스314동,17,577.31,5.27,22673.07,121,4
202212,정기권,00734,734. 신트리공원 입구,18,964.30,8.97,38654.36,336,5
202212,정기권,00735,735. 영도초등학교,36,900.13,9.16,39458.30,308,6
202212,정기권,00736,736. 오솔길공원,7,241.52,1.91,8198.26,91,7
202212,정기권,00737,737. 장수공원,2,72.27,0.81,3511.64,77,8
202212,정기권,00739,739. 신월사거리,3,68.66,0.63,2710.00,80,9
202212,정기권,00740,740. 으뜸공원,3,205.29,1.51,6480.32,37,10
202212,정기권,00741,741. 화곡로 입구 교차로,2,69.55,0.70,3046.93,22,11
202212,정기권,00742,742. 등촌역 5번 출구 뒤,2,97.09,1.01,4355.83,33,12
202212,정기권,00743,743. 현대6차아파트 101동 옆,1,3.52,0.03,111.20,1,13
202212,정기권,00744,744. 신목동역 2번 출구,2,59.30,0.60,2604.18,16,14
202212,정기권,00745,745. 강서초등학교,1,50.05,0.52,2257.08,14,15
202212,정기권,00746,746. 목동2단지 상가,27,759.50,7.75,33474.70,299,16
202212,정기권,00747,747. 목동3단지 상가,5,193.39,2.33,10024.15,187,17
202212,정기권,00748,748. 목동운동장,7,128.25,1.54,6610.96,117,18
202212,정기권,00937,937. 상림마을 롯데캐슬2단지 옆,1,26.77,0.22,965.80,20,20
202212,정기권,00939,939. 은평구청 교차로,3,100.11,0.90,3887.66,16,21
202212,정기권,00941,941. 은평뉴타운 도서관,1,12.48,0.11,484.77,6,22
202212,정기권,00946,946. 독바위역 ,2,65.17,0.56,2420.00,17,24
202212,정기권,00948,948. 디지털미디어 시티역 4번출구(DMC역),3,131.81,0.91,3955.92,49,25
202212,정기권,00949,949. 연신내역 1번 출구 ,2,227.25,2.55,11001.25,67,26
202212,정기권,00950,950. 구산역 2번 출구 예일여고 버스정류장,3,111.73,1.07,4616.33,32,27
202212,정기권,00953,953. 서울연신초등학교,5,124.95,1.53,6573.91,40,28
202212,정기권,01023,1023. 한국종합기술사옥 앞,26,294.84,3.44,14730.50,125,29
202212,정기권,01025,1025. 상일초등학교,15,173.54,1.88,8189.55,102,30
202212,정기권,01028,1028. 포레스 주상복합 빌딩,1,5.49,0.06,239.23,3,31
202212,정기권,01029,1029. 성내어울터,9,384.95,3.58,15461.79,94,32
202212,정기권,01031,1031. 올림픽로 836(아리수로),1,67.16,0.49,2120.00,21,33
202212,정기권,01034,1034. 고덕동 래미안 힐스테이트,2,665.81,4.84,20866.70,86,34
202212,정기권,01035,1035. 고덕역 4번출구,8,451.52,2.79,12048.01,96,35
202212,정기권,01036,1036. 고덕동 주양쇼핑,14,663.33,5.65,24387.20,173,36
202212,정기권,01037,1037. 강일리버파크 6단지,1,22.21,0.17,737.89,4,37
202212,정기권,01041,1041. 묘곡초등학교,15,1365.16,10.54,45392.02,779,38
202212,정기권,01042,1042. 강일리버파크 2~5단지,1,21.56,0.17,716.23,4,39
202212,정기권,01044,1044. 굽은다리역,11,272.19,2.49,10800.69,128,41
202212,정기권,01150,1150. 송정역 1번출구,24,768.02,8.26,35584.93,271,42
202212,정기권,01151,1151. 마곡역1번출구,33,669.35,6.18,26611.51,241,43
202212,정기권,01152,1152. 마곡역교차로,34,735.74,7.12,30759.46,345,44
202212,정기권,01153,"1153. 발산역 1번, 9번 인근 대여소",53,2013.44,19.25,82961.30,789,45
202212,정기권,01155,1155. 기쁜우리복지관,3,74.70,0.78,3378.06,25,46
202212,정기권,01157,1157. 강서구청,2,61.43,0.48,2067.99,13,47
202212,정기권,01251,1251. 석촌역 2번출구,6,206.61,2.08,9007.06,95,48
202212,정기권,01257,1257. 가락시장역 사거리,5,113.74,0.88,3779.48,43,49
202212,정기권,01259,1259. 방이역 1번출구,7,379.41,3.26,14050.30,191,50
202212,정기권,01260,1260. 방이동 한양3차아파트 옆,22,887.86,7.62,32871.84,452,51
202212,정기권,01264,1264. 천호역 10번 출구 앞,21,543.18,4.68,20268.93,166,52
202212,정기권,01265,1265. 문정동 근린공원,17,247.18,3.04,12966.24,101,53
202212,정기권,01267,1267. 올림픽공원 남2문 앞,3,85.31,0.83,3543.54,150,54
202212,정기권,01268,1268. 몽촌토성역 1번출구 옆,2,106.59,1.04,4475.55,38,55
202212,정기권,01269,1269. 리센츠아파트 ,3,87.11,0.79,3384.10,46,56
202212,정기권,01271,1271. 송파도서관,2,89.42,0.70,2997.60,50,57
202212,정기권,01274,1274. 영파여고 앞,8,170.03,1.50,6444.11,90,59
202212,정기권,01442,1442. 중랑구 중소기업 창업센터,5,87.16,0.99,4239.90,37,60
202212,정기권,01444,1444. 면목4치안센터,1,7.46,0.07,290.00,17,61
202212,정기권,01446,1446. 중랑전화국 교차로,40,1143.06,10.77,46420.08,480,62
202212,정기권,01447,1447. 면목역 3번출구,6,119.50,1.06,4568.93,31,63
202212,정기권,01448,1448. 코스트코 상봉점,8,309.06,2.77,11941.21,118,64
202212,정기권,01527,1527. 미아역 1번 출구 뒤,6,830.73,5.22,22492.90,117,66
202212,정기권,01528,1528. 삼각산동 주민센터,4,60.42,0.74,3178.11,14,67
202212,정기권,01529,1529. 미아동 한국전력공사,7,116.91,1.13,4933.06,31,68
202212,정기권,01531,1531. 미아사거리 1번 출구,7,707.78,6.11,26321.19,216,69
202212,정기권,01532,1532. 번3동 주민센터 교차로,1,169.88,1.33,5720.00,25,70
202212,정기권,01533,"1533. 번동 주공3, 4단지 교차로",1,64.33,0.61,2620.00,19,71
202212,정기권,01535,1535. 효성인텔리안 앞,2,94.85,0.78,3394.75,61,72
202212,정기권,01643,1643. 태릉입구역 8번출구,1,52.53,0.47,2010.00,9,74
202212,정기권,01650,1650. 중계근린공원내,37,1198.69,11.69,50279.61,533,75
202212,정기권,01651,1651. 상계동 우방유쉘아파트 앞,2,55.05,0.43,1880.37,15,76
202212,정기권,01652,1652. 파르코 앞,7,265.01,2.84,12256.05,93,77
202212,정기권,01653,1653. 노원역1번출구,22,651.61,6.44,27703.53,276,78
202212,정기권,01655,1655. 공릉1단지아파트,15,381.39,3.30,14282.19,100,79
202212,정기권,01656,1656. 중앙하이츠 아파트 입구,11,354.49,3.45,14905.62,111,80
202212,정기권,01657,1657. 노원구청 ,10,787.34,6.47,27841.15,155,81
202212,정기권,01659,1659. 중계동 을지중학교,4,101.81,0.95,4132.98,40,82
202212,정기권,01660,1660. 서울시립과학관,4,58.04,0.63,2748.23,46,83
202212,정기권,01715,1715. 서울특별시교육청도봉도서관,2,118.60,1.18,5095.54,78,85
202212,정기권,01716,1716. 창동역 1번출구 건너편,6,146.41,1.23,5358.32,39,86
202212,정기권,01717,1717. 시립창동운동장 입구,3,128.22,0.98,4210.88,29,87
202212,정기권,01720,1720. 도봉구청 옆(중랑천변),8,414.59,2.97,12765.14,111,88
202212,정기권,01721,1721. 창동역 2번출구 ,10,462.64,4.39,18905.45,168,89
202212,정기권,01839,1839. 수출의 다리 아래,1,46.29,0.48,2087.17,12,90
202212,정기권,01841,1841. 가산동 주민센터,2,76.74,0.42,1845.70,12,91
202212,정기권,01845,1845. 롯데캐슬골드파크1차 서문,12,364.24,3.82,16425.05,81,92
202212,정기권,02060,2060. 남성역3번출구 뒤,1,188.65,1.84,7940.00,47,93
202212,정기권,02362,2362. 신사동 가로수길 입구,2,94.12,0.85,3656.35,36,94
202212,정기권,02369,2369. KT선릉타워,1,63.80,0.60,2598.70,18,95
202212,정기권,02370,2370. 한티역 3번출구,2,111.08,0.98,4240.00,25,96
202212,정기권,02377,2377. 수서역 5번출구,12,620.19,5.23,22619.50,145,98
202212,정기권,03101,3101. 서대문구청,1,78.20,0.70,3038.23,21,99
202301,정기권,00303,303. 광화문역 1번출구 앞,2,171.54,1.68,7219.40,57,60
202301,정기권,00505,505. 자양사거리 광진아크로텔 앞,7,279.44,1.94,8353.90,137,14
202301,정기권,00514,514. 성수사거리 버스정류장 앞,1,51.22,0.46,1990.00,12,45
202301,정기권,00646,646. 장한평역 1번출구,1,50.55,0.46,1963.96,12,100
202301,정기권,00729,729. 서부식자재마트 건너편,5,270.12,2.08,8975.00,36,1
202301,정기권,00731,731. 서울시 도로환경관리센터,5,42.69,0.46,2013.86,22,2
202301,정기권,00733,733. 신정이펜하우스314동,4,203.58,1.89,8160.07,46,3
202301,정기권,00735,735. 영도초등학교,34,562.91,6.02,25975.58,137,4
202301,정기권,00736,736. 오솔길공원,2,59.70,0.55,2376.38,26,5
202301,정기권,00737,737. 장수공원,1,52.26,0.49,2094.65,12,6
202301,정기권,00739,739. 신월사거리,8,177.15,1.60,6882.26,56,7
202301,정기권,00740,740. 으뜸공원,1,42.23,0.38,1640.75,15,8
202301,정기권,00744,744. 신목동역 2번 출구,2,44.85,0.35,1510.00,8,9
202301,정기권,00745,745. 강서초등학교,1,36.56,0.33,1420.53,17,10
202301,정기권,00746,746. 목동2단지 상가,25,574.59,5.69,24533.03,221,11
202301,정기권,00747,747. 목동3단지 상가,2,61.01,0.55,2370.09,18,12
202301,정기권,00748,748. 목동운동장,6,142.98,1.76,7570.10,77,13
202301,정기권,00934,934. 신사동 성당,1,41.61,0.29,1250.81,23,15
202301,정기권,00946,946. 독바위역 ,4,127.67,1.09,4741.18,32,16
202301,정기권,00950,950. 구산역 2번 출구 예일여고 버스정류장,3,161.41,1.12,4801.28,26,17
202301,정기권,01023,1023. 한국종합기술사옥 앞,18,261.92,3.05,13116.61,242,18
202301,정기권,01025,1025. 상일초등학교,8,146.89,1.59,6868.94,52,19
202301,정기권,01030,1030. 미호 플랜트 앞,1,17.21,0.17,749.16,3,20
202301,정기권,01035,1035. 고덕역 4번출구,2,70.68,0.58,2470.00,27,21
202301,정기권,01044,1044. 굽은다리역,5,172.19,1.54,6649.73,64,22
202301,정기권,01150,1150. 송정역 1번출구,9,205.93,1.91,8236.42,55,23
202301,정기권,01151,1151. 마곡역1번출구,7,61.74,0.66,2860.09,19,24
202301,정기권,01152,1152. 마곡역교차로,17,236.33,2.40,10431.31,155,25
202301,정기권,01153,"1153. 발산역 1번, 9번 인근 대여소",15,639.86,6.04,26075.03,250,26
202301,정기권,01155,1155. 기쁜우리복지관,3,248.99,2.28,9805.14,52,27
202301,정기권,01157,1157. 강서구청,2,136.92,1.33,5740.00,33,28
202301,정기권,01158,1158. 가양역 8번출구,1,36.24,0.33,1408.03,8,81
202301,정기권,01160,1160. 양천향교역 7번출구앞,8,500.56,3.85,16587.62,123,82
202301,정기권,01161,1161. 강서면허시험장 앞,4,145.78,1.44,6209.51,31,83
202301,정기권,01162,1162. 공항초등학교건너편,7,148.96,1.57,6801.28,179,84
202301,정기권,01163,1163. 방화동강서기동대앞,7,305.92,2.59,11145.43,204,85
202301,정기권,01251,1251. 석촌역 2번출구,1,15.30,0.15,654.77,4,29
202301,정기권,01256,1256. 문정현대아파트 교차로,1,13.53,0.12,510.00,19,30
202301,정기권,01259,1259. 방이역 1번출구,6,609.83,5.19,22332.80,118,31
202301,정기권,01264,1264. 천호역 10번 출구 앞,1,21.38,0.17,750.00,3,32
202301,정기권,01265,1265. 문정동 근린공원,1,13.53,0.17,712.05,4,33
202301,정기권,01269,1269. 리센츠아파트 ,1,109.38,0.99,4249.45,30,34
202301,정기권,01274,1274. 영파여고 앞,2,110.24,1.15,4971.46,88,35
202301,정기권,01336,1336. 성북3교 위,5,113.33,1.46,6360.00,64,65
202301,정기권,01339,1339. 삼성전자서비스 성북센터,7,421.15,3.95,17043.32,95,66
202301,정기권,01343,1343. 한성대7번출구 앞,6,78.55,0.83,3556.18,26,67
202301,정기권,01344,1344. 아리랑시네센터 앞,2,31.79,0.37,1605.28,13,68
202301,정기권,01349,1349. 월계2교 버스정류장 앞,12,198.35,2.01,8561.65,78,69
202301,정기권,01351,1351. 안암2교 옆,1,5.46,0.05,230.00,2,70
202301,정기권,01442,1442. 중랑구 중소기업 창업센터,2,35.11,0.40,1728.73,13,36
202301,정기권,01446,1446. 중랑전화국 교차로,7,167.96,1.65,7150.36,77,37
202301,정기권,01448,1448. 코스트코 상봉점,4,124.95,1.24,5334.93,55,38
202301,정기권,01527,1527. 미아역 1번 출구 뒤,1,37.49,0.38,1632.11,11,39
202301,정기권,01529,1529. 미아동 한국전력공사,5,694.48,6.15,26463.04,143,40
202301,정기권,01531,1531. 미아사거리 1번 출구,1,53.80,0.54,2342.26,10,41
202301,정기권,01533,"1533. 번동 주공3, 4단지 교차로",1,22.99,0.31,1350.00,14,42
202301,정기권,01643,1643. 태릉입구역 8번출구,4,50.27,0.41,1795.09,21,43
202301,정기권,01650,1650. 중계근린공원내,14,579.31,5.30,22896.11,273,44
202301,정기권,01653,1653. 노원역1번출구,8,223.72,2.13,9200.85,94,46
202301,정기권,01655,1655. 공릉1단지아파트,8,200.46,1.89,8063.25,96,47
202301,정기권,01656,1656. 중앙하이츠 아파트 입구,2,26.41,0.30,1275.65,27,48
202301,정기권,01657,1657. 노원구청 ,9,526.17,3.31,14356.04,134,49
202301,정기권,01659,1659. 중계동 을지중학교,1,5.13,0.05,199.25,8,50
202301,정기권,01661,1661. 당현천근린공원,5,147.24,1.61,6929.38,572,90
202301,정기권,01662,1662. 노원역7번출구,9,309.27,3.05,13131.58,150,91
202301,정기권,01664,1664. 노해근린공원내,2,31.21,0.39,1691.00,36,92
202301,정기권,01665,1665. 양지근린공원앞,4,210.33,2.69,11556.70,57,93
202301,정기권,01667,1667. 중계중학교,7,162.48,1.28,5470.86,28,94
202301,정기권,01669,1669. 중계역 3번출구,8,255.88,2.79,12003.00,118,95
202301,정기권,01670,1670. 노원경찰서교차로,8,286.95,3.04,13138.03,125,96
202301,정기권,01671,1671. 인덕대학교,5,64.38,0.63,2710.00,10,97
202301,정기권,01674,1674. 서울북부고용센터앞,5,178.01,1.63,7034.22,130,98
202301,정기권,01716,1716. 창동역 1번출구 건너편,2,52.42,0.45,1918.42,13,51
202301,정기권,01717,1717. 시립창동운동장 입구,3,194.75,1.19,5122.93,101,52
202301,정기권,01720,1720. 도봉구청 옆(중랑천변),4,239.15,1.47,6290.68,32,53
202301,정기권,01721,1721. 창동역 2번출구 ,14,759.24,6.99,30079.14,201,54
202301,정기권,01722,1722. 창동청소년수련관,10,2493.30,15.23,65585.27,354,99
202301,정기권,01842,1842. 한울중학교,6,544.50,4.92,21154.21,139,55
202301,정기권,01958,1958. 강서수도사업소민원센터,2,42.59,0.40,1729.26,13,71
202301,정기권,01961,1961. 신도림테크노근린공원,12,527.48,4.83,20843.95,121,72
202301,정기권,01962,1962. 가리봉동주민센터,18,758.43,6.83,29465.34,129,73
202301,정기권,01964,1964. 원메디타운 앞,1,13.31,0.11,480.00,2,74
202301,정기권,01965,1965. 삼환로즈빌아파트 105동 옆,3,137.02,1.21,5226.09,142,75
202301,정기권,01973,1973. 오리로와 서해안도로 교차로 앞,2,31.94,0.32,1390.68,7,76
202301,정기권,01974,1974. 신도림2차e편한세상아파트 203동 앞,1,76.22,0.57,2467.53,14,77
202301,정기권,01977,1977. 천왕역 1번 출입구 앞,2,56.94,0.38,1634.19,8,78
202301,정기권,01985,1985. 구로도서관,4,156.62,1.50,6483.47,43,89
202301,정기권,02058,2058. 동작경찰서,1,14.83,0.18,780.00,6,56
202301,정기권,02059,2059. 보라매공원 정문,2,66.97,0.74,3160.21,28,57
202301,정기권,02061,2061. 한강 현대아파트 건너편,1,33.81,0.41,1778.68,10,58
202301,정기권,02167,2167. 낙성대역 1번출구,2,64.32,0.62,2706.95,14,86
202301,정기권,02170,2170. 조원동 강남힐병원,3,91.31,0.82,3532.53,29,88
202301,정기권,02381,2381. 언주역 6번출구앞,1,21.36,0.19,830.00,5,79
202301,정기권,02382,2382. 역삼동 sk뷰 501동앞,1,9.18,0.09,380.00,2,80
202301,정기권,03101,3101. 서대문구청,1,35.60,0.34,1450.00,11,59
202301,정기권,03507,3507. 어린이회관,4,115.53,1.04,4486.38,24,61
202301,정기권,03509,3509. 세종사이버대학교,6,225.46,2.03,8759.37,59,62
202301,정기권,03511,3511. 응봉역 1번출구,1,23.60,0.23,1010.00,51,63
202301,정기권,03513,3513. 상왕십리역 1번출구,13,313.32,3.36,14503.15,140,64
202301,정기권,03518,3518. 군자역 7번출구뒤,10,346.74,3.04,13169.41,94,87
202302,정기권,00108,108. 서교동 사거리,1,13.46,0.16,680.00,8,1
202302,정기권,00115,115. 마스타 빌딩 앞,1,25.31,0.18,760.97,6,79
202302,정기권,00400,400. 상암한화오벨리스크 1차 앞,4,138.21,1.45,6232.72,37,44
202302,정기권,00505,505. 자양사거리 광진아크로텔 앞,3,69.78,0.88,3771.32,29,16
202302,정기권,00510,510. 서울숲 남문 버스정류소 옆,2,205.69,2.12,9110.00,110,33
202302,정기권,00512,512. 뚝섬역 1번 출구 옆,1,27.86,0.33,1407.01,9,39
202302,정기권,00515,515. 광양중학교 앞,2,48.64,0.43,1889.77,11,59
202302,정기권,00516,516. 광진메디칼 앞,1,22.91,0.21,890.00,6,65
202302,정기권,00729,729. 서부식자재마트 건너편,13,458.60,3.95,16982.41,106,2
202302,정기권,00731,731. 서울시 도로환경관리센터,18,170.89,1.88,8065.05,75,3
202302,정기권,00733,733. 신정이펜하우스314동,12,476.48,4.44,19098.66,92,4
202302,정기권,00734,734. 신트리공원 입구,7,157.83,1.64,7018.24,45,5
202302,정기권,00735,735. 영도초등학교,33,515.28,5.81,24979.80,165,6
202302,정기권,00736,736. 오솔길공원,3,50.49,0.37,1593.93,21,7
202302,정기권,00737,737. 장수공원,2,47.25,0.42,1835.72,13,8
202302,정기권,00739,739. 신월사거리,1,34.75,0.31,1350.00,17,9
202302,정기권,00740,740. 으뜸공원,1,31.92,0.29,1240.23,10,10
202302,정기권,00743,743. 현대6차아파트 101동 옆,1,25.17,0.24,1042.06,9,11
202302,정기권,00744,744. 신목동역 2번 출구,2,44.82,0.39,1683.27,11,12
202302,정기권,00746,746. 목동2단지 상가,21,729.89,7.27,31385.24,229,13
202302,정기권,00747,747. 목동3단지 상가,4,163.90,1.59,6840.00,64,14
202302,정기권,00748,748. 목동운동장,6,207.09,2.33,10033.98,71,15
202302,정기권,00946,946. 독바위역 ,4,149.62,1.36,5830.77,38,17
202302,정기권,00949,949. 연신내역 1번 출구 ,2,139.79,0.98,4192.42,34,18
202302,정기권,00950,950. 구산역 2번 출구 예일여고 버스정류장,4,304.64,2.52,10858.76,125,19
202302,정기권,01028,1028. 포레스 주상복합 빌딩,2,26.94,0.27,1150.02,10,20
202302,정기권,01029,1029. 성내어울터,1,60.81,0.43,1850.00,10,21
202302,정기권,01034,1034. 고덕동 래미안 힐스테이트,7,501.82,4.05,17454.17,128,22
202302,정기권,01035,1035. 고덕역 4번출구,3,85.83,0.77,3334.65,24,23
202302,정기권,01036,1036. 고덕동 주양쇼핑,4,125.42,1.01,4303.69,28,24
202302,정기권,01041,1041. 묘곡초등학교,7,1017.83,7.84,33819.38,208,25
202302,정기권,01044,1044. 굽은다리역,7,243.52,2.27,9779.50,82,26
202302,정기권,01150,1150. 송정역 1번출구,11,450.23,4.10,17659.47,161,27
202302,정기권,01151,1151. 마곡역1번출구,8,127.25,1.24,5328.68,46,28
202302,정기권,01152,1152. 마곡역교차로,15,237.41,2.28,9855.37,83,29
202302,정기권,01153,"1153. 발산역 1번, 9번 인근 대여소",24,1247.83,10.63,45828.07,486,30
202302,정기권,01155,1155. 기쁜우리복지관,1,13.86,0.17,714.47,7,31
202302,정기권,01157,1157. 강서구청,2,117.88,1.09,4678.37,30,32
202302,정기권,01260,1260. 방이동 한양3차아파트 옆,3,106.39,1.06,4553.59,41,34
202302,정기권,01262,1262. 송파여성문화회관 앞,1,21.65,0.21,926.47,7,35
202302,정기권,01263,1263. 장지공영차고지,1,72.79,0.69,2964.61,17,36
202302,정기권,01264,1264. 천호역 10번 출구 앞,1,23.73,0.19,832.16,16,37
202302,정기권,01269,1269. 리센츠아파트 ,3,115.61,1.04,4491.46,35,38
202302,정기권,01336,1336. 성북3교 위,10,581.54,5.98,25753.66,185,80
202302,정기권,01337,1337. 돈암성당 옆,5,161.69,1.43,6195.15,34,81
202302,정기권,01339,1339. 삼성전자서비스 성북센터,5,201.33,1.98,8538.21,86,82
202302,정기권,01340,1340. 광운초등학교 앞,2,20.31,0.27,1130.46,8,83
202302,정기권,01343,1343. 한성대7번출구 앞,24,420.17,4.05,17363.62,151,84
202302,정기권,01344,1344. 아리랑시네센터 앞,13,493.94,4.61,19815.90,120,85
202302,정기권,01348,1348. 성북제일새마을금고 본점 앞,1,23.60,0.31,1324.31,9,86
202302,정기권,01349,1349. 월계2교 버스정류장 앞,3,83.49,0.86,3720.00,27,87
202302,정기권,01351,1351. 안암2교 옆,2,113.10,1.11,4760.00,35,88
202302,정기권,01442,1442. 중랑구 중소기업 창업센터,10,972.50,8.88,38240.94,345,40
202302,정기권,01444,1444. 면목4치안센터,1,27.01,0.36,1550.00,13,41
202302,정기권,01446,1446. 중랑전화국 교차로,8,481.66,4.82,20772.15,227,42
202302,정기권,01447,1447. 면목역 3번출구,5,217.89,2.47,10650.75,86,43
202302,정기권,01527,1527. 미아역 1번 출구 뒤,2,180.34,1.63,7028.39,59,45
202302,정기권,01529,1529. 미아동 한국전력공사,5,535.03,4.86,20970.56,146,46
202302,정기권,01531,1531. 미아사거리 1번 출구,6,289.21,2.25,9653.07,106,47
202302,정기권,01532,1532. 번3동 주민센터 교차로,1,240.00,1.65,7130.00,56,48
202302,정기권,01535,1535. 효성인텔리안 앞,4,181.28,1.36,5859.57,60,49
202302,정기권,01643,1643. 태릉입구역 8번출구,2,489.23,4.55,19610.00,86,50
202302,정기권,01646,1646. 삼육대 입구,4,265.78,2.19,9433.92,60,51
202302,정기권,01650,1650. 중계근린공원내,11,361.89,3.21,13869.79,107,52
202302,정기권,01653,1653. 노원역1번출구,12,363.93,3.67,15872.98,121,53
202302,정기권,01654,1654. 당고개입구 오거리,6,263.76,2.76,11917.57,68,54
202302,정기권,01655,1655. 공릉1단지아파트,9,252.99,2.21,9566.80,50,55
202302,정기권,01656,1656. 중앙하이츠 아파트 입구,3,494.77,5.81,25041.70,132,56
202302,정기권,01657,1657. 노원구청 ,4,54.20,0.54,2324.09,21,57
202302,정기권,01659,1659. 중계동 을지중학교,2,188.87,1.81,7789.17,80,58
202302,정기권,01714,1714. 도봉문화정보도서관 삼거리,1,12.46,0.11,456.08,3,60
202302,정기권,01716,1716. 창동역 1번출구 건너편,2,87.91,0.64,2775.09,41,61
202302,정기권,01717,1717. 시립창동운동장 입구,1,8.45,0.05,222.39,1,62
202302,정기권,01720,1720. 도봉구청 옆(중랑천변),11,1508.89,9.69,41781.44,249,63
202302,정기권,01721,1721. 창동역 2번출구 ,12,676.84,6.30,27141.55,206,64
202302,정기권,01842,1842. 한울중학교,6,424.84,3.82,16505.38,143,66
202302,정기권,01848,1848. 벽산 디지털밸리 5차,1,43.87,0.51,2215.75,9,67
202302,정기권,01957,1957. 구일고등학교 정문 ,6,111.00,1.08,4663.05,94,89
202302,정기권,01960,1960. 구로거리공원 동측(신도림역 방면),11,258.77,2.61,11262.05,80,90
202302,정기권,01961,1961. 신도림테크노근린공원,10,395.36,3.56,15319.08,163,91
202302,정기권,01962,1962. 가리봉동주민센터,17,676.20,6.09,26270.12,125,92
202302,정기권,01964,1964. 원메디타운 앞,2,150.12,1.63,7020.10,62,93
202302,정기권,01966,1966. 한마을아파트 정문상가,3,117.56,1.06,4567.09,30,94
202302,정기권,01973,1973. 오리로와 서해안도로 교차로 앞,2,84.86,1.08,4658.39,21,95
202302,정기권,01974,1974. 신도림2차e편한세상아파트 203동 앞,1,63.06,0.57,2450.00,49,96
202302,정기권,01975,1975. 대림역 1번 출입구 밑,2,22.39,0.20,870.00,9,97
202302,정기권,01977,1977. 천왕역 1번 출입구 앞,10,287.92,1.91,8262.45,40,98
202302,정기권,01981,1981. 천왕지구삼거리 앞,6,172.28,1.14,4943.89,25,99
202302,정기권,02059,2059. 보라매공원 정문,4,205.45,1.98,8547.96,66,68
202302,정기권,02060,2060. 남성역3번출구 뒤,1,16.55,0.22,950.00,7,69
202302,정기권,02268,2268. 서초4동주민센터 ,1,73.87,0.67,2870.00,23,70
202302,정기권,02364,2364. 도산공원교차로,1,69.76,0.63,2710.00,44,71
202302,정기권,02370,2370. 한티역 3번출구,2,15.00,0.14,582.67,15,72
202302,정기권,02381,2381. 언주역 6번출구앞,1,15.33,0.15,645.04,6,100
202302,정기권,03102,3102. 연희삼거리,1,38.82,0.35,1508.04,15,73
202302,정기권,03506,3506. 영동대교 북단,1,29.55,0.32,1381.96,19,74
202302,정기권,03507,3507. 어린이회관,2,96.93,0.82,3547.66,43,75
202302,정기권,03509,3509. 세종사이버대학교,2,24.08,0.21,935.26,8,76
202302,정기권,03513,3513. 상왕십리역 1번출구,1,29.13,0.32,1362.21,7,77
202302,정기권,03515,3515. 서울숲 관리사무소,1,65.46,0.66,2850.00,26,78
202303,정기권,00109,109. 제일빌딩 앞,3,201.54,2.00,8626.37,63,57
202303,정기권,00302,302. 경복궁역 4번출구 뒤,2,69.93,0.54,2307.70,34,91
202303,정기권,00400,400. 상암한화오벨리스크 1차 앞,5,237.60,2.45,10547.33,77,58
202303,정기권,00505,505. 자양사거리 광진아크로텔 앞,5,236.38,2.01,8695.55,282,17
202303,정기권,00509,509. 이마트 버스정류소 옆,1,25.85,0.22,945.95,9,31
202303,정기권,00511,511. 서울숲역 5번 출구 옆,6,448.16,3.67,15872.72,215,46
202303,정기권,00514,514. 성수사거리 버스정류장 앞,4,351.37,3.55,15298.55,12,68
202303,정기권,00515,515. 광양중학교 앞,1,43.24,0.39,1680.00,13,76
202303,정기권,00516,516. 광진메디칼 앞,1,37.10,0.33,1441.21,12,82
202303,정기권,00729,729. 서부식자재마트 건너편,23,1290.80,10.55,45500.42,273,1
202303,정기권,00731,731. 서울시 도로환경관리센터,25,648.53,6.55,28278.36,189,2
202303,정기권,00733,733. 신정이펜하우스314동,36,1367.76,11.91,51722.59,242,3
202303,정기권,00734,734. 신트리공원 입구,2,75.35,0.90,3848.23,36,4
202303,정기권,00735,735. 영도초등학교,48,809.75,9.25,39923.92,584,5
202303,정기권,00736,736. 오솔길공원,1,94.76,0.85,3681.34,40,6
202303,정기권,00737,737. 장수공원,2,117.01,1.14,4924.84,53,7
202303,정기권,00739,739. 신월사거리,3,77.81,0.88,3800.69,25,8
202303,정기권,00740,740. 으뜸공원,1,65.38,0.59,2540.00,9,9
202303,정기권,00741,741. 화곡로 입구 교차로,2,50.34,0.56,2398.49,24,10
202303,정기권,00742,742. 등촌역 5번 출구 뒤,4,101.23,0.99,4210.73,34,11
202303,정기권,00744,744. 신목동역 2번 출구,14,464.19,4.38,18780.04,155,12
202303,정기권,00745,745. 강서초등학교,4,191.21,2.16,9263.00,62,13
202303,정기권,00746,746. 목동2단지 상가,70,2899.89,28.72,123635.63,886,14
202303,정기권,00747,747. 목동3단지 상가,3,78.29,0.78,3369.62,29,15
202303,정기권,00748,748. 목동운동장,2,4.22,0.05,206.36,5,16
202303,정기권,00934,934. 신사동 성당,5,288.64,2.60,11200.00,124,18
202303,정기권,00939,939. 은평구청 교차로,1,52.17,0.49,2124.69,61,19
202303,정기권,00941,941. 은평뉴타운 도서관,2,31.92,0.34,1439.39,8,20
202303,정기권,00945,945. 기자촌 사거리 A,1,44.48,0.27,1170.00,4,21
202303,정기권,00946,946. 독바위역 ,2,92.06,1.00,4293.37,42,22
202303,정기권,00949,949. 연신내역 1번 출구 ,1,24.55,0.29,1240.00,18,23
202303,정기권,00950,950. 구산역 2번 출구 예일여고 버스정류장,11,441.75,5.01,21603.80,184,24
202303,정기권,01024,1024.  강동구청 앞,2,55.24,0.59,2536.60,23,25
202303,정기권,01029,1029. 성내어울터,17,800.30,7.32,31519.27,204,26
202303,정기권,01033,1033. 고덕동 아남아파트,1,68.73,0.62,2670.00,24,27
202303,정기권,01035,1035. 고덕역 4번출구,4,132.08,1.10,4723.24,210,28
202303,정기권,01036,1036. 고덕동 주양쇼핑,15,730.26,5.58,24012.56,181,29
202303,정기권,01041,1041. 묘곡초등학교,5,399.73,3.08,13281.82,79,30
202303,정기권,01044,1044. 굽은다리역,13,572.65,5.22,22444.89,174,32
202303,정기권,01150,1150. 송정역 1번출구,9,285.97,2.97,12824.61,174,33
202303,정기권,01151,1151. 마곡역1번출구,9,156.81,1.41,6058.34,78,34
202303,정기권,01152,1152. 마곡역교차로,28,455.59,3.89,16847.88,130,35
202303,정기권,01153,"1153. 발산역 1번, 9번 인근 대여소",12,966.02,7.74,33364.70,298,36
202303,정기권,01155,1155. 기쁜우리복지관,25,1414.64,13.74,59143.42,322,37
202303,정기권,01157,1157. 강서구청,1,40.65,0.50,2138.37,15,38
202303,정기권,01251,1251. 석촌역 2번출구,8,234.82,2.12,9152.09,49,39
202303,정기권,01253,1253. 오금역 3번 출구 뒤,3,102.52,1.00,4339.20,39,40
202303,정기권,01256,1256. 문정현대아파트 교차로,5,334.51,3.52,15173.45,158,41
202303,정기권,01257,1257. 가락시장역 사거리,1,64.55,0.69,2963.55,55,42
202303,정기권,01258,1258. 가락미륭아파트 앞,1,35.75,0.24,1037.81,4,43
202303,정기권,01259,1259. 방이역 1번출구,5,217.16,1.93,8332.41,61,44
202303,정기권,01260,1260. 방이동 한양3차아파트 옆,9,398.09,4.53,19512.20,116,45
202303,정기권,01262,1262. 송파여성문화회관 앞,2,43.69,0.43,1870.00,12,47
202303,정기권,01264,1264. 천호역 10번 출구 앞,10,326.60,3.39,14541.24,116,48
202303,정기권,01265,1265. 문정동 근린공원,1,42.33,0.39,1696.85,18,49
202303,정기권,01269,1269. 리센츠아파트 ,1,37.07,0.33,1440.00,27,50
202303,정기권,01271,1271. 송파도서관,8,559.31,4.73,20373.74,465,51
202303,정기권,01274,1274. 영파여고 앞,5,330.27,3.00,12909.78,95,52
202303,정기권,01442,1442. 중랑구 중소기업 창업센터,30,2004.11,16.44,70930.57,745,53
202303,정기권,01446,1446. 중랑전화국 교차로,5,378.06,3.54,15282.27,121,54
202303,정기권,01447,1447. 면목역 3번출구,5,236.25,2.50,10842.04,93,55
202303,정기권,01448,1448. 코스트코 상봉점,5,209.94,2.05,11020.39,97,56
202303,정기권,01526,1526. 강북종합시장 앞,1,42.70,0.49,2114.04,18,59
202303,정기권,01527,1527. 미아역 1번 출구 뒤,19,2528.75,17.00,73262.85,342,60
202303,정기권,01529,1529. 미아동 한국전력공사,2,200.76,2.36,10139.26,84,61
202303,정기권,01531,1531. 미아사거리 1번 출구,35,1449.66,13.90,59892.17,446,62
202303,정기권,01532,1532. 번3동 주민센터 교차로,7,566.68,4.42,19080.32,118,63
202303,정기권,01535,1535. 효성인텔리안 앞,7,457.32,3.74,16119.09,136,64
202303,정기권,01643,1643. 태릉입구역 8번출구,4,189.94,1.67,7194.87,49,65
202303,정기권,01646,1646. 삼육대 입구,4,470.27,4.24,18270.00,84,66
202303,정기권,01650,1650. 중계근린공원내,24,1153.49,10.57,45522.88,284,67
202303,정기권,01653,1653. 노원역1번출구,19,826.48,7.48,32282.84,336,69
202303,정기권,01654,1654. 당고개입구 오거리,8,301.05,3.20,13821.91,122,70
202303,정기권,01655,1655. 공릉1단지아파트,39,999.90,6.97,29955.76,216,71
202303,정기권,01656,1656. 중앙하이츠 아파트 입구,12,525.31,5.76,24779.61,175,72
202303,정기권,01657,1657. 노원구청 ,3,51.51,0.48,2083.59,16,73
202303,정기권,01659,1659. 중계동 을지중학교,12,268.32,2.71,11665.31,94,74
202303,정기권,01660,1660. 서울시립과학관,2,1.65,0.97,4160.80,27,75
202303,정기권,01715,1715. 서울특별시교육청도봉도서관,2,210.83,1.83,7885.00,40,77
202303,정기권,01716,1716. 창동역 1번출구 건너편,7,229.18,2.26,9703.77,97,78
202303,정기권,01717,1717. 시립창동운동장 입구,2,68.99,0.81,3484.36,21,79
202303,정기권,01720,1720. 도봉구청 옆(중랑천변),12,1220.34,7.45,32100.52,131,80
202303,정기권,01721,1721. 창동역 2번출구 ,38,1718.10,17.71,76479.97,588,81
202303,정기권,01842,1842. 한울중학교,6,302.01,2.71,12139.06,105,83
202303,정기권,01843,1843. 독산고등학교,1,76.44,0.69,2969.53,15,84
202303,정기권,02060,2060. 남성역3번출구 뒤,1,120.85,1.18,5086.46,26,85
202303,정기권,02271,2271. 내방역 8번출구 앞,6,113.98,1.17,5087.56,49,86
202303,정기권,02272,2272. 교대입구 교차로,1,200.46,1.32,5687.90,40,87
202303,정기권,02276,2276. 영동1교 (양재천근린공원),1,40.27,0.48,2075.40,11,88
202303,정기권,02362,2362. 신사동 가로수길 입구,3,309.77,2.90,12520.12,68,89
202303,정기권,02369,2369. KT선릉타워,2,6.55,0.64,2756.49,24,90
202303,정기권,02371,2371. 한국우편사업진흥원,1,141.23,1.31,5661.05,43,92
202303,정기권,02372,2372. 대치역 사거리,3,206.51,2.18,9400.61,59,93
202303,정기권,02375,2375. 수서역 1번출구 앞,1,95.75,0.86,3720.00,18,94
202303,정기권,02377,2377. 수서역 5번출구,6,286.91,1.89,8140.91,98,95
202303,정기권,03102,3102. 연희삼거리,2,81.69,0.75,3255.31,27,96
202303,정기권,03506,3506. 영동대교 북단,1,56.63,0.51,2200.00,14,97
202303,정기권,03507,3507. 어린이회관,5,252.32,2.15,9292.16,92,98
202303,정기권,03508,3508. 화양사거리,2,72.59,0.65,2820.00,24,99
202303,정기권,03509,3509. 세종사이버대학교,16,324.22,3.37,14518.89,114,100
202304,정기권,00108,108. 서교동 사거리,2,217.32,2.13,9160.00,59,1
202304,정기권,00109,109. 제일빌딩 앞,13,871.65,8.53,36704.55,412,61
202304,정기권,00300,300. 정동사거리,1,143.27,1.40,6030.00,36,92
202304,정기권,00301,301. 경복궁역 7번출구 앞,2,61.93,0.49,2136.42,16,95
202304,정기권,00302,302. 경복궁역 4번출구 뒤,2,96.77,1.10,4780.43,91,99
202304,정기권,00400,400. 상암한화오벨리스크 1차 앞,7,164.92,1.76,7603.11,80,62
202304,정기권,00505,505. 자양사거리 광진아크로텔 앞,8,1079.97,6.11,26295.32,305,19
202304,정기권,00509,509. 이마트 버스정류소 옆,6,105.92,0.96,4115.14,27,34
202304,정기권,00510,510. 서울숲 남문 버스정류소 옆,2,24.27,0.26,1145.06,24,42
202304,정기권,00512,512. 뚝섬역 1번 출구 옆,4,385.28,3.60,15481.23,126,56
202304,정기권,00513,513. 뚝섬역 5번 출구 정류소 옆,1,26.41,0.27,1150.00,8,70
202304,정기권,00514,514. 성수사거리 버스정류장 앞,6,217.41,2.14,9221.69,41,76
202304,정기권,00516,516. 광진메디칼 앞,2,82.14,0.74,3191.46,46,88
202304,정기권,00729,729. 서부식자재마트 건너편,5,596.93,4.67,20151.03,116,2
202304,정기권,00731,731. 서울시 도로환경관리센터,19,532.83,5.75,24810.49,236,3
202304,정기권,00732,732. 신월중학교,3,168.79,1.50,6467.06,48,4
202304,정기권,00733,733. 신정이펜하우스314동,29,859.64,7.98,34409.63,224,5
202304,정기권,00734,734. 신트리공원 입구,10,228.30,2.79,12063.83,124,6
202304,정기권,00735,735. 영도초등학교,27,400.82,4.71,20274.48,371,7
202304,정기권,00736,736. 오솔길공원,11,367.47,3.40,14641.76,136,8
202304,정기권,00737,737. 장수공원,6,308.29,3.14,13459.14,68,9
202304,정기권,00739,739. 신월사거리,2,82.78,1.37,5901.64,61,10
202304,정기권,00741,741. 화곡로 입구 교차로,3,173.14,1.56,6720.24,65,11
202304,정기권,00742,742. 등촌역 5번 출구 뒤,2,27.54,0.25,1070.00,8,12
202304,정기권,00743,743. 현대6차아파트 101동 옆,3,195.86,2.09,8991.02,86,13
202304,정기권,00744,744. 신목동역 2번 출구,6,461.32,4.76,20470.49,156,14
202304,정기권,00745,745. 강서초등학교,3,62.48,0.69,3004.70,19,15
202304,정기권,00746,746. 목동2단지 상가,70,3326.54,32.52,140159.85,966,16
202304,정기권,00747,747. 목동3단지 상가,8,339.41,3.31,14248.07,115,17
202304,정기권,00748,748. 목동운동장,3,61.99,0.70,3001.35,28,18
202304,정기권,00934,934. 신사동 성당,5,514.09,4.43,19091.24,153,20
202304,정기권,00937,937. 상림마을 롯데캐슬2단지 옆,1,19.47,0.16,702.51,6,21
202304,정기권,00948,948. 디지털미디어 시티역 4번출구(DMC역),12,99.91,1.16,5046.02,31,22
202304,정기권,00950,950. 구산역 2번 출구 예일여고 버스정류장,11,467.89,4.59,19758.70,160,23
202304,정기권,01023,1023. 한국종합기술사옥 앞,1,13.56,0.15,634.12,3,24
202304,정기권,01024,1024.  강동구청 앞,5,181.61,1.94,8338.46,96,25
202304,정기권,01027,1027. 프라자 아파트 앞,4,145.69,1.31,5660.00,41,26
202304,정기권,01029,1029. 성내어울터,22,807.47,8.03,34622.10,295,27
202304,정기권,01031,1031. 올림픽로 836(아리수로),2,63.85,0.87,3749.84,96,28
202304,정기권,01032,1032. 선사고등학교,2,142.80,1.26,5400.00,31,29
202304,정기권,01035,1035. 고덕역 4번출구,9,388.68,3.30,14248.95,132,30
202304,정기권,01036,1036. 고덕동 주양쇼핑,11,631.29,4.95,21302.45,176,31
202304,정기권,01041,1041. 묘곡초등학교,4,31.47,0.28,1203.60,9,32
202304,정기권,01042,1042. 강일리버파크 2~5단지,1,140.67,1.03,4440.45,21,33
202304,정기권,01044,1044. 굽은다리역,23,1007.00,8.50,36705.23,332,35
202304,정기권,01150,1150. 송정역 1번출구,5,172.90,1.86,8035.12,79,36
202304,정기권,01151,1151. 마곡역1번출구,5,137.43,1.29,5564.42,70,37
202304,정기권,01152,1152. 마곡역교차로,17,400.32,3.79,16286.55,213,38
202304,정기권,01153,"1153. 발산역 1번, 9번 인근 대여소",24,801.27,7.14,30817.29,268,39
202304,정기권,01155,1155. 기쁜우리복지관,32,1912.82,18.02,77708.02,655,40
202304,정기권,01157,1157. 강서구청,2,104.25,0.94,4050.00,25,41
202304,정기권,01251,1251. 석촌역 2번출구,5,495.66,4.54,19597.30,197,43
202304,정기권,01253,1253. 오금역 3번 출구 뒤,11,856.53,6.95,29996.21,160,44
202304,정기권,01256,1256. 문정현대아파트 교차로,4,169.23,1.71,7363.39,122,45
202304,정기권,01257,1257. 가락시장역 사거리,1,96.57,0.64,2740.00,12,46
202304,정기권,01259,1259. 방이역 1번출구,3,140.88,1.45,6257.17,68,47
202304,정기권,01260,1260. 방이동 한양3차아파트 옆,44,1745.50,18.40,79255.67,580,48
202304,정기권,01262,1262. 송파여성문화회관 앞,1,18.77,0.19,803.46,6,49
202304,정기권,01264,1264. 천호역 10번 출구 앞,13,655.57,6.40,27640.03,222,50
202304,정기권,01265,1265. 문정동 근린공원,7,301.15,2.57,11056.03,75,51
202304,정기권,01267,1267. 올림픽공원 남2문 앞,1,24.97,0.23,970.00,5,52
202304,정기권,01268,1268. 몽촌토성역 1번출구 옆,1,73.76,0.50,2141.06,8,53
202304,정기권,01269,1269. 리센츠아파트 ,2,27.19,0.26,1108.14,8,54
202304,정기권,01271,1271. 송파도서관,17,973.30,9.85,42366.29,530,55
202304,정기권,01274,1274. 영파여고 앞,6,407.41,3.67,15827.56,130,57
202304,정기권,01442,1442. 중랑구 중소기업 창업센터,18,475.27,4.33,18672.37,326,58
202304,정기권,01446,1446. 중랑전화국 교차로,6,329.60,3.19,13726.01,241,59
202304,정기권,01447,1447. 면목역 3번출구,4,130.70,1.25,5394.47,73,60
202304,정기권,01527,1527. 미아역 1번 출구 뒤,24,2799.73,18.18,78335.45,374,63
202304,정기권,01529,1529. 미아동 한국전력공사,13,1981.14,16.97,73185.25,389,64
202304,정기권,01530,1530. 광산사거리,2,93.49,0.99,4292.38,30,65
202304,정기권,01531,1531. 미아사거리 1번 출구,29,1569.91,14.68,63294.87,349,66
202304,정기권,01532,1532. 번3동 주민센터 교차로,9,579.39,4.53,19508.01,154,67
202304,정기권,01533,"1533. 번동 주공3, 4단지 교차로",1,44.53,0.40,1730.00,8,68
202304,정기권,01535,1535. 효성인텔리안 앞,11,772.50,6.70,28876.42,179,69
202304,정기권,01536,1536. 번동 두산위브 101동 옆,1,38.32,0.35,1488.60,9,71
202304,정기권,01643,1643. 태릉입구역 8번출구,2,149.43,1.65,7115.84,43,72
202304,정기권,01646,1646. 삼육대 입구,1,134.36,1.21,5220.00,22,73
202304,정기권,01650,1650. 중계근린공원내,21,821.54,7.38,31715.60,238,74
202304,정기권,01651,1651. 상계동 우방유쉘아파트 앞,3,537.03,4.88,21045.89,116,75
202304,정기권,01653,1653. 노원역1번출구,32,1392.38,13.53,58207.58,525,77
202304,정기권,01654,1654. 당고개입구 오거리,12,589.99,6.16,26531.67,135,78
202304,정기권,01655,1655. 공릉1단지아파트,22,555.37,4.34,18640.84,98,79
202304,정기권,01656,1656. 중앙하이츠 아파트 입구,7,237.79,2.67,11497.70,87,80
202304,정기권,01657,1657. 노원구청 ,2,67.41,0.57,2475.77,20,81
202304,정기권,01659,1659. 중계동 을지중학교,9,245.51,2.27,9795.24,62,82
202304,정기권,01660,1660. 서울시립과학관,5,65.12,1.68,7244.97,98,83
202304,정기권,01716,1716. 창동역 1번출구 건너편,2,34.72,0.30,1280.00,9,84
202304,정기권,01717,1717. 시립창동운동장 입구,3,132.88,1.28,5508.49,52,85
202304,정기권,01720,1720. 도봉구청 옆(중랑천변),17,1259.24,8.19,35364.69,166,86
202304,정기권,01721,1721. 창동역 2번출구 ,35,1530.43,15.60,67190.72,546,87
202304,정기권,01842,1842. 한울중학교,4,344.36,3.10,13378.45,74,89
202304,정기권,02058,2058. 동작경찰서,5,310.60,2.69,11581.71,79,90
202304,정기권,02062,2062. 사당새마을금고,1,37.66,0.45,1941.00,17,91
202304,정기권,02271,2271. 내방역 8번출구 앞,5,87.69,0.95,4100.88,38,93
202304,정기권,02274,2274. 양재시민의숲역 3번출구,7,202.45,1.96,8478.45,97,94
202304,정기권,02362,2362. 신사동 가로수길 입구,2,188.46,1.72,7406.06,43,96
202304,정기권,02369,2369. KT선릉타워,1,15.44,0.14,600.00,4,97
202304,정기권,02370,2370. 한티역 3번출구,4,207.39,2.24,9611.96,94,98
202304,정기권,02372,2372. 대치역 사거리,2,120.80,1.34,5765.04,32,100
202305,정기권,00108,108. 서교동 사거리,1,72.21,0.68,2941.23,25,1
202305,정기권,00109,109. 제일빌딩 앞,7,547.19,5.16,22231.89,183,69
202305,정기권,00300,300. 정동사거리,1,9.58,0.14,590.00,4,100
202305,정기권,00400,400. 상암한화오벨리스크 1차 앞,12,294.54,2.80,12156.79,305,70
202305,정기권,00505,505. 자양사거리 광진아크로텔 앞,8,406.66,2.81,12164.00,178,18
202305,정기권,00509,509. 이마트 버스정류소 옆,8,85.38,0.77,3316.73,20,39
202305,정기권,00510,510. 서울숲 남문 버스정류소 옆,2,614.84,5.00,21551.29,106,46
202305,정기권,00512,512. 뚝섬역 1번 출구 옆,3,153.16,1.39,6015.54,74,61
202305,정기권,00513,513. 뚝섬역 5번 출구 정류소 옆,2,32.94,0.33,1441.84,21,78
202305,정기권,00514,514. 성수사거리 버스정류장 앞,2,88.03,0.76,3286.25,25,82
202305,정기권,00729,729. 서부식자재마트 건너편,12,683.04,5.62,24167.44,116,2
202305,정기권,00731,731. 서울시 도로환경관리센터,16,625.35,6.62,28486.40,355,3
202305,정기권,00732,732. 신월중학교,4,223.73,2.06,8904.52,60,4
202305,정기권,00733,733. 신정이펜하우스314동,24,793.58,7.28,31515.89,143,5
202305,정기권,00734,734. 신트리공원 입구,8,467.35,4.76,20582.17,150,6
202305,정기권,00735,735. 영도초등학교,28,618.29,6.37,28416.02,175,7
202305,정기권,00736,736. 오솔길공원,22,334.35,3.17,13684.59,232,8
202305,정기권,00737,737. 장수공원,6,236.81,2.28,9819.51,83,9
202305,정기권,00741,741. 화곡로 입구 교차로,5,385.28,3.65,15742.49,144,10
202305,정기권,00742,742. 등촌역 5번 출구 뒤,1,59.00,0.69,2980.00,16,11
202305,정기권,00743,743. 현대6차아파트 101동 옆,3,205.73,1.58,6827.00,46,12
202305,정기권,00744,744. 신목동역 2번 출구,5,125.15,1.14,4933.58,37,13
202305,정기권,00745,745. 강서초등학교,7,217.92,2.19,9432.46,115,14
202305,정기권,00746,746. 목동2단지 상가,69,2879.36,28.79,126191.92,999,15
202305,정기권,00747,747. 목동3단지 상가,12,587.19,5.58,24064.94,133,16
202305,정기권,00748,748. 목동운동장,2,53.31,0.50,2166.20,20,17
202305,정기권,00934,934. 신사동 성당,2,205.10,2.05,8844.72,112,19
202305,정기권,00938,938. 금암 문화공원,2,157.55,1.48,6410.00,83,20
202305,정기권,00941,941. 은평뉴타운 도서관,1,91.10,0.76,3286.53,13,21
202305,정기권,00942,942. 상림마을 생태공원,1,28.00,0.23,1010.00,6,22
202305,정기권,00945,945. 기자촌 사거리 A,1,92.55,0.83,3595.70,37,23
202305,정기권,00947,947. 연신내 선일하이츠빌 정류소,2,90.65,0.81,3521.95,21,24
202305,정기권,00948,948. 디지털미디어 시티역 4번출구(DMC역),8,114.02,1.12,4826.76,36,25
202305,정기권,00949,949. 연신내역 1번 출구 ,1,22.18,0.19,800.00,5,26
202305,정기권,00950,950. 구산역 2번 출구 예일여고 버스정류장,11,697.30,6.77,29135.96,268,27
202305,정기권,01023,1023. 한국종합기술사옥 앞,5,49.09,0.53,2295.20,16,28
202305,정기권,01024,1024.  강동구청 앞,3,45.67,0.50,2096.98,17,29
202305,정기권,01025,1025. 상일초등학교,1,100.55,0.79,3385.55,14,30
202305,정기권,01027,1027. 프라자 아파트 앞,14,770.98,6.94,29952.14,296,31
202305,정기권,01028,1028. 포레스 주상복합 빌딩,5,238.88,2.08,8940.00,67,32
202305,정기권,01029,1029. 성내어울터,22,896.32,9.81,42345.07,297,33
202305,정기권,01032,1032. 선사고등학교,2,178.97,1.57,6780.86,37,34
202305,정기권,01035,1035. 고덕역 4번출구,3,85.29,0.86,3739.02,24,35
202305,정기권,01036,1036. 고덕동 주양쇼핑,7,554.64,4.42,19017.28,182,36
202305,정기권,01041,1041. 묘곡초등학교,3,43.18,0.36,1591.28,14,37
202305,정기권,01042,1042. 강일리버파크 2~5단지,1,97.17,1.07,4630.00,33,38
202305,정기권,01044,1044. 굽은다리역,23,804.10,7.31,31426.69,239,40
202305,정기권,01150,1150. 송정역 1번출구,10,347.07,3.30,14263.55,83,41
202305,정기권,01151,1151. 마곡역1번출구,8,180.76,1.75,7480.54,49,42
202305,정기권,01152,1152. 마곡역교차로,26,539.55,4.75,21786.32,264,43
202305,정기권,01153,"1153. 발산역 1번, 9번 인근 대여소",30,1110.83,9.98,42983.25,507,44
202305,정기권,01155,1155. 기쁜우리복지관,37,1994.44,18.90,81471.68,798,45
202305,정기권,01251,1251. 석촌역 2번출구,1,20.56,0.20,880.00,4,47
202305,정기권,01253,1253. 오금역 3번 출구 뒤,2,143.64,1.06,4576.99,45,48
202305,정기권,01256,1256. 문정현대아파트 교차로,11,348.63,3.39,14623.29,174,49
202305,정기권,01257,1257. 가락시장역 사거리,2,98.17,1.15,4957.79,27,50
202305,정기권,01258,1258. 가락미륭아파트 앞,6,160.41,1.31,5636.92,44,51
202305,정기권,01259,1259. 방이역 1번출구,7,420.10,3.73,16112.43,154,52
202305,정기권,01260,1260. 방이동 한양3차아파트 옆,35,956.31,9.32,40297.82,279,53
202305,정기권,01262,1262. 송파여성문화회관 앞,2,67.05,0.66,2870.00,18,54
202305,정기권,01264,1264. 천호역 10번 출구 앞,11,397.87,4.00,17212.27,94,55
202305,정기권,01265,1265. 문정동 근린공원,8,243.82,1.65,7077.41,33,56
202305,정기권,01267,1267. 올림픽공원 남2문 앞,1,14.16,0.13,550.00,3,57
202305,정기권,01268,1268. 몽촌토성역 1번출구 옆,4,207.62,1.70,7328.04,122,58
202305,정기권,01269,1269. 리센츠아파트 ,6,225.54,2.02,8762.07,145,59
202305,정기권,01271,1271. 송파도서관,19,960.66,10.13,43641.71,330,60
202305,정기권,01274,1274. 영파여고 앞,1,17.25,0.16,670.00,38,62
202305,정기권,01442,1442. 중랑구 중소기업 창업센터,14,916.81,8.33,35900.92,248,63
202305,정기권,01444,1444. 면목4치안센터,1,223.23,1.92,8290.00,64,64
202305,정기권,01445,1445. 용마지구대 A,1,90.60,0.82,3520.00,14,65
202305,정기권,01446,1446. 중랑전화국 교차로,1,21.21,0.20,850.00,5,66
202305,정기권,01447,1447. 면목역 3번출구,16,1262.99,10.86,46828.53,350,67
202305,정기권,01448,1448. 코스트코 상봉점,3,71.40,1.10,4709.16,36,68
202305,정기권,01527,1527. 미아역 1번 출구 뒤,10,1590.54,9.98,42989.73,197,71
202305,정기권,01529,1529. 미아동 한국전력공사,16,2053.04,14.78,63670.01,316,72
202305,정기권,01530,1530. 광산사거리,4,363.99,3.35,14493.16,131,73
202305,정기권,01531,1531. 미아사거리 1번 출구,42,2982.31,28.48,122778.60,580,74
202305,정기권,01532,1532. 번3동 주민센터 교차로,3,252.02,1.96,8485.80,50,75
202305,정기권,01533,"1533. 번동 주공3, 4단지 교차로",3,113.79,1.19,5130.00,29,76
202305,정기권,01535,1535. 효성인텔리안 앞,9,628.65,6.43,27728.14,215,77
202305,정기권,01643,1643. 태릉입구역 8번출구,6,336.80,3.04,13092.53,108,79
202305,정기권,01646,1646. 삼육대 입구,10,1023.28,9.03,38882.31,183,80
202305,정기권,01650,1650. 중계근린공원내,16,1061.30,7.82,33740.66,354,81
202305,정기권,01653,1653. 노원역1번출구,49,2140.17,21.68,93276.26,810,83
202305,정기권,01654,1654. 당고개입구 오거리,12,399.05,4.55,19580.52,123,84
202305,정기권,01655,1655. 공릉1단지아파트,11,515.36,3.08,13272.35,86,85
202305,정기권,01656,1656. 중앙하이츠 아파트 입구,25,1351.93,14.70,63386.41,401,86
202305,정기권,01657,1657. 노원구청 ,6,250.96,2.58,11140.57,77,87
202305,정기권,01659,1659. 중계동 을지중학교,17,527.18,5.38,23144.27,187,88
202305,정기권,01660,1660. 서울시립과학관,12,176.92,5.26,22684.53,124,89
202305,정기권,01713,1713. 쌍문동 이안아파트 앞,4,127.20,1.19,5166.53,77,90
202305,정기권,01715,1715. 서울특별시교육청도봉도서관,2,70.61,0.70,3004.14,47,91
202305,정기권,01716,1716. 창동역 1번출구 건너편,5,178.73,1.86,8001.05,63,92
202305,정기권,01717,1717. 시립창동운동장 입구,6,306.09,3.17,13666.38,109,93
202305,정기권,01720,1720. 도봉구청 옆(중랑천변),21,1502.71,9.24,42019.41,188,94
202305,정기권,01721,1721. 창동역 2번출구 ,20,903.93,8.71,37529.09,237,95
202305,정기권,01839,1839. 수출의 다리 아래,2,81.86,0.73,3127.24,39,96
202305,정기권,01842,1842. 한울중학교,4,240.72,2.17,9351.80,44,97
202305,정기권,02058,2058. 동작경찰서,3,121.45,1.05,4567.42,26,98
202305,정기권,02266,2266. 서초역 3번출구,2,62.01,0.45,1933.07,11,99
202306,정기권,00109,109. 제일빌딩 앞,2,392.43,3.31,14280.00,97,64
202306,정기권,00400,400. 상암한화오벨리스크 1차 앞,11,541.66,5.34,23017.58,174,65
202306,정기권,00505,505. 자양사거리 광진아크로텔 앞,13,782.13,5.55,23866.12,389,19
202306,정기권,00509,509. 이마트 버스정류소 옆,6,147.62,1.33,5735.38,42,37
202306,정기권,00510,510. 서울숲 남문 버스정류소 옆,3,235.31,2.07,8919.00,73,45
202306,정기권,00513,513. 뚝섬역 5번 출구 정류소 옆,2,63.83,0.57,2479.71,14,73
202306,정기권,00515,515. 광양중학교 앞,3,176.16,1.76,7618.58,74,85
202306,정기권,00729,729. 서부식자재마트 건너편,5,177.54,1.58,6797.72,33,1
202306,정기권,00731,731. 서울시 도로환경관리센터,26,848.74,8.10,37712.33,443,2
202306,정기권,00732,732. 신월중학교,8,375.25,3.65,15761.62,109,3
202306,정기권,00733,733. 신정이펜하우스314동,20,1197.95,9.54,41070.22,249,4
202306,정기권,00734,734. 신트리공원 입구,5,260.81,2.46,10623.21,78,5
202306,정기권,00735,735. 영도초등학교,20,405.61,4.33,18818.39,207,6
202306,정기권,00736,736. 오솔길공원,23,309.11,3.07,15178.09,139,7
202306,정기권,00737,737. 장수공원,3,226.79,2.64,11391.68,64,8
202306,정기권,00739,739. 신월사거리,1,48.30,0.55,2391.38,13,9
202306,정기권,00740,740. 으뜸공원,1,21.80,0.40,1720.00,12,10
202306,정기권,00741,741. 화곡로 입구 교차로,6,310.54,3.02,13002.38,135,11
202306,정기권,00742,742. 등촌역 5번 출구 뒤,1,13.84,0.09,406.37,1,12
202306,정기권,00743,743. 현대6차아파트 101동 옆,2,69.85,0.84,3625.49,21,13
202306,정기권,00744,744. 신목동역 2번 출구,5,125.46,1.18,5116.67,35,14
202306,정기권,00745,745. 강서초등학교,3,127.23,1.34,5726.60,39,15
202306,정기권,00746,746. 목동2단지 상가,52,1531.62,15.75,68038.33,578,16
202306,정기권,00747,747. 목동3단지 상가,8,418.65,4.01,17284.52,120,17
202306,정기권,00748,748. 목동운동장,4,65.56,0.72,3051.33,37,18
202306,정기권,00934,934. 신사동 성당,2,128.51,1.06,4570.46,30,20
202306,정기권,00937,937. 상림마을 롯데캐슬2단지 옆,1,151.18,1.23,5302.34,48,21
202306,정기권,00938,938. 금암 문화공원,1,31.98,0.30,1281.77,9,22
202306,정기권,00941,941. 은평뉴타운 도서관,3,132.70,1.15,4969.58,34,23
202306,정기권,00948,948. 디지털미디어 시티역 4번출구(DMC역),19,256.85,2.62,11254.19,118,24
202306,정기권,00950,950. 구산역 2번 출구 예일여고 버스정류장,11,515.17,5.75,24799.98,199,25
202306,정기권,00953,953. 서울연신초등학교,1,41.66,0.35,1503.00,11,26
202306,정기권,01023,1023. 한국종합기술사옥 앞,6,63.09,0.68,2949.96,25,27
202306,정기권,01024,1024.  강동구청 앞,2,16.02,0.17,735.67,9,28
202306,정기권,01025,1025. 상일초등학교,1,93.56,0.73,3150.00,21,29
202306,정기권,01027,1027. 프라자 아파트 앞,16,618.00,5.58,24009.43,145,30
202306,정기권,01028,1028. 포레스 주상복합 빌딩,2,67.29,0.79,3696.41,32,31
202306,정기권,01029,1029. 성내어울터,24,937.90,9.85,42384.29,267,32
202306,정기권,01032,1032. 선사고등학교,1,95.93,0.86,3727.00,87,33
202306,정기권,01035,1035. 고덕역 4번출구,3,290.38,2.65,11434.55,50,34
202306,정기권,01036,1036. 고덕동 주양쇼핑,3,108.30,1.09,4710.45,32,35
202306,정기권,01041,1041. 묘곡초등학교,5,183.31,1.59,6863.62,40,36
202306,정기권,01044,1044. 굽은다리역,27,1033.81,9.58,41285.18,347,38
202306,정기권,01150,1150. 송정역 1번출구,17,579.06,6.08,26185.75,180,39
202306,정기권,01151,1151. 마곡역1번출구,6,127.98,1.32,5685.71,46,40
202306,정기권,01152,1152. 마곡역교차로,25,717.89,6.50,28129.95,374,41
202306,정기권,01153,"1153. 발산역 1번, 9번 인근 대여소",36,1593.40,13.57,62115.09,1011,42
202306,정기권,01155,1155. 기쁜우리복지관,33,1603.60,15.48,66662.07,667,43
202306,정기권,01157,1157. 강서구청,3,161.68,1.46,6281.43,69,44
202306,정기권,01251,1251. 석촌역 2번출구,2,92.71,0.75,3242.35,27,46
202306,정기권,01253,1253. 오금역 3번 출구 뒤,1,163.06,1.07,4626.47,22,47
202306,정기권,01257,1257. 가락시장역 사거리,1,47.88,0.56,2418.28,12,48
202306,정기권,01258,1258. 가락미륭아파트 앞,1,46.40,0.43,1860.00,13,49
202306,정기권,01259,1259. 방이역 1번출구,16,987.03,7.57,32660.44,355,50
202306,정기권,01260,1260. 방이동 한양3차아파트 옆,12,330.45,3.14,13572.71,176,51
202306,정기권,01262,1262. 송파여성문화회관 앞,2,105.47,1.00,4280.00,42,52
202306,정기권,01264,1264. 천호역 10번 출구 앞,5,168.07,1.64,7045.89,47,53
202306,정기권,01267,1267. 올림픽공원 남2문 앞,6,272.22,2.64,11358.60,121,54
202306,정기권,01268,1268. 몽촌토성역 1번출구 옆,2,141.02,1.46,6288.59,73,55
202306,정기권,01269,1269. 리센츠아파트 ,3,80.97,0.73,3179.04,23,56
202306,정기권,01271,1271. 송파도서관,16,910.27,8.78,37781.46,592,57
202306,정기권,01274,1274. 영파여고 앞,8,462.06,5.16,22248.48,159,58
202306,정기권,01442,1442. 중랑구 중소기업 창업센터,9,314.23,3.01,12926.78,94,59
202306,정기권,01444,1444. 면목4치안센터,3,268.28,2.31,9963.07,78,60
202306,정기권,01446,1446. 중랑전화국 교차로,10,448.32,4.79,20662.89,205,61
202306,정기권,01447,1447. 면목역 3번출구,17,1267.04,11.11,47912.93,247,62
202306,정기권,01448,1448. 코스트코 상봉점,8,314.37,2.59,11191.30,97,63
202306,정기권,01527,1527. 미아역 1번 출구 뒤,3,250.26,1.59,6885.07,38,66
202306,정기권,01529,1529. 미아동 한국전력공사,19,3084.35,21.44,97426.48,503,67
202306,정기권,01530,1530. 광산사거리,3,124.94,1.35,5827.83,79,68
202306,정기권,01531,1531. 미아사거리 1번 출구,37,1963.92,17.62,75853.26,441,69
202306,정기권,01532,1532. 번3동 주민센터 교차로,2,239.94,1.72,7400.00,50,70
202306,정기권,01533,"1533. 번동 주공3, 4단지 교차로",3,152.66,1.59,6844.58,70,71
202306,정기권,01535,1535. 효성인텔리안 앞,1,24.81,0.25,1080.00,9,72
202306,정기권,01643,1643. 태릉입구역 8번출구,6,471.82,3.03,13038.89,134,74
202306,정기권,01646,1646. 삼육대 입구,3,325.20,2.85,12273.98,75,75
202306,정기권,01650,1650. 중계근린공원내,38,3991.61,27.16,116978.59,1598,76
202306,정기권,01651,1651. 상계동 우방유쉘아파트 앞,6,1106.68,9.98,42994.96,343,77
202306,정기권,01653,1653. 노원역1번출구,39,1619.67,15.94,68525.50,672,78
202306,정기권,01654,1654. 당고개입구 오거리,12,412.10,4.13,17776.98,109,79
202306,정기권,01655,1655. 공릉1단지아파트,14,492.62,3.34,14373.78,108,80
202306,정기권,01656,1656. 중앙하이츠 아파트 입구,34,1812.93,16.46,75306.01,700,81
202306,정기권,01657,1657. 노원구청 ,4,423.65,3.59,15446.23,113,82
202306,정기권,01659,1659. 중계동 을지중학교,14,404.92,4.40,18985.02,139,83
202306,정기권,01660,1660. 서울시립과학관,7,43.42,2.27,9808.37,59,84
202306,정기권,01715,1715. 서울특별시교육청도봉도서관,1,48.76,0.50,2160.00,12,86
202306,정기권,01716,1716. 창동역 1번출구 건너편,2,41.23,0.46,1980.00,28,87
202306,정기권,01717,1717. 시립창동운동장 입구,5,381.86,4.15,17857.46,99,88
202306,정기권,01719,1719. 신도봉사거리 버스정류장,3,161.71,1.62,6961.13,35,89
202306,정기권,01720,1720. 도봉구청 옆(중랑천변),17,955.59,6.74,30719.82,198,90
202306,정기권,01721,1721. 창동역 2번출구 ,23,726.98,6.60,28410.40,309,91
202306,정기권,01842,1842. 한울중학교,2,91.08,0.82,3538.58,18,92
202306,정기권,02058,2058. 동작경찰서,6,355.68,3.58,15428.63,155,93
202306,정기권,02059,2059. 보라매공원 정문,1,,,832.00,20,94
202306,정기권,02266,2266. 서초역 3번출구,8,261.33,1.88,8147.02,43,95
202306,정기권,02268,2268. 서초4동주민센터 ,4,228.24,1.69,7304.24,80,96
202306,정기권,02271,2271. 내방역 8번출구 앞,3,51.46,0.55,2393.36,23,97
202306,정기권,02272,2272. 교대입구 교차로,2,120.83,0.90,3872.38,19,98
202306,정기권,02274,2274. 양재시민의숲역 3번출구,4,443.73,3.06,13182.72,102,99
202306,정기권,02362,2362. 신사동 가로수길 입구,4,221.12,2.04,8838.86,76,100
